Dialogs	AR_HiddenFreestriderSafe_3,PC,AR,CHOICE,Intéressant. I'll have to come back when Viira isn't around.,,,,,,,,	AR_HiddenFreestriderSafe_3,PC,AR,CHOICE,Intéressant. Je devrai revenir quand Viira ne sera pas là.,,,,,,,,
Dialogs	CB_Bondavol_20,PC,CB,CHOICE,""« Hm ? Quoi ? »" (Weigh the gemstone in your hand.)",,,,,,,,	CB_Bondavol_20,PC,CB,CHOICE,« Hm ? Quoi ? » (Soupeser la gemme dans ta main.),,,,,,,,
Dialogs	CB_Dancer_21,PC,CB,CHOICE,"(Donner un coup de coude à Snell.) ""You think we should do something with this?""",,,,,,,,	CB_Dancer_21,PC,CB,CHOICE,(Donner un coup de coude à Snell.) « Tu penses qu'on devrait faire quelque chose avec ça ? »,,,,,,,,
Dialogs	CB_DeadAdventurer_87,PC,CB,CHOICE,"""The Trove of Esuth. Intéressant.""",,,,,,,,	CB_DeadAdventurer_87,PC,CB,CHOICE,« Le Trésor d'Esuth. Intéressant. »,,,,,,,,
Dialogs	CB_HallwaySolution_861,PC,CB,CHOICE,""« Tu sais... »" (Gesture towards him.) ""It's good to see this.""",,,,,,,,	CB_HallwaySolution_861,PC,CB,CHOICE,« Tu sais... » (Faire un geste vers lui.) « Ça fait du bien de voir ça. »,,,,,,,,
Dialogs	CB_LordPuu_211,PC,CB,CHOICE,"""A green witch? Intéressant. Where can I find her?""",,,,,,,,	CB_LordPuu_211,PC,CB,CHOICE,« Une sorcière verte ? Intéressant. Où puis-je la trouver ? »,,,,,,,,
Dialogs	CB_Moongore_250,PC,CB,CHOICE,""« J'ai trouvé l'homme en jaune. Celui qui vous a charmée. »" (Get ready to show how you avenged her.)",,,,,,,,	CB_Moongore_250,PC,CB,CHOICE,« J'ai trouvé l'homme en jaune. Celui qui vous a charmée. » (Se préparer à montrer comment vous l'avez vengée.),,,,,,,,
Dialogs	DN_Darrow_802,PC,DN,CHOICE,"""I went in through the back. Évidemment.""",,,,,,,,	DN_Darrow_802,PC,DN,CHOICE,« Je suis entré par derrière. Évidemment. »,,,,,,,,
Dialogs	DN_Darrow_869,PC,DN,CHOICE,"""I went in through the back. Évidemment.""",,,,,,,,	DN_Darrow_869,PC,DN,CHOICE,« Je suis entré par derrière. Évidemment. »,,,,,,,,
Dialogs	EP_Alfoz_6,PC,EP,CHOICE,""« Bonjour. »" (Bow your head slightly.)",,,,,,,,	EP_Alfoz_6,PC,EP,CHOICE,« Bonjour. » (Incliner légèrement la tête.),,,,,,,,
Dialogs	EP_Moongore_50,PC,EP,CHOICE,""« J'ai trouvé l'homme en jaune. Celui qui vous a charmée. »" (Get ready to show how you avenged her.)",,,,,,,,	EP_Moongore_50,PC,EP,CHOICE,« J'ai trouvé l'homme en jaune. Celui qui vous a charmée. » (Se préparer à montrer comment vous l'avez vengée.),,,,,,,,
Dialogs	EP_Snell_43,PC,EP,CHOICE,""« Pas encore. »" (Leave and check around a bit more.)",,,,,,,,	EP_Snell_43,PC,EP,CHOICE,« Pas encore. » (Partir et regarder un peu plus.),,,,,,,,
Dialogs	EP_Visken_71,PC,EP,CHOICE,""« D'accord. »" (Think back to the meeting in the lichhouse.)",,,,,,,,	EP_Visken_71,PC,EP,CHOICE,« D'accord. » (Repenser à la rencontre dans la lichhouse.),,,,,,,,
Dialogs	GT_Bedroll_362,PC,GT,CHOICE,C'est ça. My last day to finish this.,,,,,,,,	GT_Bedroll_362,PC,GT,CHOICE,C'est ça. Mon dernier jour pour finir ça.,,,,,,,,
Dialogs	GT_Ettir_405,PC,GT,CHOICE,""« C'est pas juste. Ils sont clairement plus forts qu'ils n'en ont l'air. »" (Turn around and give Snell a thumbs up.)",,,,,,,,	GT_Ettir_405,PC,GT,CHOICE,« C'est pas juste. Ils sont clairement plus forts qu'ils n'en ont l'air. » (Se retourner et lever le pouce à Snell.),,,,,,,,
Dialogs	GT_Ettir_957,PC,GT,CHOICE,"""Bien sûr. I've already delved all the way down to Upperhollow Ridge.""",,,,,,,,	GT_Ettir_957,PC,GT,CHOICE,« Bien sûr. J'ai déjà exploré jusqu'à la Crête de Upperhollow. »,,,,,,,,
Dialogs	JC_Cobbler_71,PC,JC,CHOICE,"""Bien sûr. What else?""",,,,,,,,	JC_Cobbler_71,PC,JC,CHOICE,« Bien sûr. Quoi d'autre ? »,,,,,,,,
Dialogs	LP_Lisa_139,PC,LP,CHOICE,"""Le salon de thé. What do you know?""",,,,,,,,	LP_Lisa_139,PC,LP,CHOICE,« Le salon de thé. Que savez-vous ? »,,,,,,,,
Dialogs	Q_Election_90,YOU,Q,LINE,C'est comme ça qu'ils t'attrapent. You see <>,,,,,,,,	Q_Election_90,YOU,Q,LINE,C'est comme ça qu'ils t'attrapent. Tu vois <>,,,,,,,,
Dialogs	Q_Election_94,YOU,Q,LINE,Ils ne s'arrêteraient jamais là. You see <>,,,,,,,,	Q_Election_94,YOU,Q,LINE,Ils ne s'arrêteraient jamais là. Tu vois <>,,,,,,,,
Dialogs	SH_Alfoz_416,PC,SH,CHOICE,""« D'accord. »" (Wipe the sweat off your brow. But instead just end up wiping the front of your helm. Then leave.)",,,,,,,,	SH_Alfoz_416,PC,SH,CHOICE,« D'accord. » (Essuyer la sueur de ton front. Mais finir par essuyer l'avant de ton heaume. Puis partir.),,,,,,,,
Dialogs	Snell_Companion_208,PC,Snell,CHOICE,""« Joli temps qu'on a. »" (Look around with the bucket on your head.)",,,,,,,,	Snell_Companion_208,PC,Snell,CHOICE,« Joli temps qu'on a. » (Regarder autour avec le seau sur la tête.),,,,,,,,
Dialogs	Snell_Companion_209,PC,Snell,CHOICE,""« Joli temps qu'on a. »" (Look around with the pot on your head.)",,,,,,,,	Snell_Companion_209,PC,Snell,CHOICE,« Joli temps qu'on a. » (Regarder autour avec la marmite sur la tête.),,,,,,,,
Dialogs	SO_Snurre_226,PC,SO,CHOICE,"""Que sais-tu du salon de thé ? The one that exploded?""",,,,,,,,	SO_Snurre_226,PC,SO,CHOICE,« Que sais-tu du salon de thé ? Celui qui a explosé ? »,,,,,,,,
Dialogs	TS_GoboGrafitti_101,PC,TS,CHOICE,"Bow to the wall. "« Merci pour votre temps. »"",,,,,,,,	TS_GoboGrafitti_101,PC,TS,CHOICE,S'incliner vers le mur. « Merci pour votre temps. »,,,,,,,,
Dialogs	TS_Pocket_590,PC,TS,CHOICE,"""<shake>THE DANCING BARD HAS COME</shake>...!"" (Se mettre à danser.)",,,,,,,,	TS_Pocket_590,PC,TS,CHOICE,« <shake>LE BARDE DANSEUR EST VENU</shake>... ! » (Se mettre à danser.),,,,,,,,
Dialogs	TS_Spear_26,PC,TS,CHOICE,That sounds great. (S'éloigner.),,,,,,,,	TS_Spear_26,PC,TS,CHOICE,Ça sonne bien. (S'éloigner.),,,,,,,,
Dialogs	TS_TeaShopDoor_45,PC,TS,CHOICE,"Clear your throat and speak the password, "« Poison de Kardemum. »"",,,,,,,,	TS_TeaShopDoor_45,PC,TS,CHOICE,S'éclaircir la gorge et prononcer le mot de passe : « Poison de Kardemum. »,,,,,,,,
Dialogs	TS_TeaShopDoor_237,PC,TS,CHOICE,Voilà. (Shake off the wood grain from your gloves.),,,,,,,,	TS_TeaShopDoor_237,PC,TS,CHOICE,Voilà. (Faire tomber les copeaux de bois de tes gants.),,,,,,,,
Dialogs	UP_Labyrinth_7,PC,UP,CHOICE,Plus tard peut-être. This seems dangerous.,,,,,,,,	UP_Labyrinth_7,PC,UP,CHOICE,Plus tard peut-être. Ça semble dangereux.,,,,,,,,
Dialogs	UP_Meri_85,PC,UP,CHOICE,"(Turn to Snell and whisper.) "« Je ne comprends pas. »"",,,,,,,,	UP_Meri_85,PC,UP,CHOICE,(Se tourner vers Snell et chuchoter.) « Je ne comprends pas. »,,,,,,,,
Dialogs	WL_Bookbinder_3,PC,WL,CHOICE,"""Bien sûr. I have a deep love for books, Snell.""",,,,,,,,	WL_Bookbinder_3,PC,WL,CHOICE,"« Bien sûr. J'ai un amour profond pour les livres, Snell. »",,,,,,,,
Dialogs	WL_CornerHouse_138,PC,WL,CHOICE,"""C'est drôle. I like that.""",,,,,,,,	WL_CornerHouse_138,PC,WL,CHOICE,« C'est drôle. J'aime ça. »,,,,,,,,
Dialogs	AR_Mephits_60,PC,AR,CHOICE,"(Grab a piece of wood splinter off the ground.) ""Like this?""",,,,,,,,	AR_Mephits_60,PC,AR,CHOICE,(Ramasser un éclat de bois au sol.) « Comme ça ? »,,,,,,,,
Dialogs	AR_Viira_321,PC,AR,CHOICE,"""Hey, can I have that spell scroll over there?"" (Point towards the desk.)",,,,,,,,	AR_Viira_321,PC,AR,CHOICE,"« Hé, je peux avoir ce parchemin de sort là-bas ? » (Pointer vers le bureau.)",,,,,,,,
Dialogs	AR_Viira_622,PC,AR,CHOICE,"(Hand her Drummer's papers.) ""Here. Take care of him.""",,,,,,,,	AR_Viira_622,PC,AR,CHOICE,(Lui remettre les papiers de Drummer.) « Tenez. Occupez-vous de lui. »,,,,,,,,
Dialogs	AR_Viira_678,dex,AR,LINE,Unless you-,,,,,,,,	AR_Viira_678,dex,AR,LINE,Sauf si tu —,,,,,,,,
Dialogs	AR_Viira_1147,PC,AR,CHOICE,"""Did I mention how I really appreciate your appearance?"" (Attempt to flirt.)",,,,,,,,	AR_Viira_1147,PC,AR,CHOICE,« Ai-je mentionné à quel point j'apprécie votre apparence ? » (Tenter de flirter.),,,,,,,,
Dialogs	AR_Viira_1260,PC,AR,CHOICE,"(Clear your throat. Stammer a bit. Puis parle.) ""After the election, let's go out and eat. I want to get to know you.""",,,,,,,,	AR_Viira_1260,PC,AR,CHOICE,"(S'éclaircir la gorge. Bégayer un peu. Puis parle.) « Après l'élection, allons dîner. Je veux apprendre à vous connaître. »",,,,,,,,
Dialogs	AR_Viira_1262,PC,AR,CHOICE,"(Clear your throat. Stammer a bit. Puis parle.) ""I think there's way more to you than most people assume. I want to figure you out.""",,,,,,,,	AR_Viira_1262,PC,AR,CHOICE,(S'éclaircir la gorge. Bégayer un peu. Puis parle.) « Je crois qu'il y a bien plus en vous que les gens ne le supposent. Je veux vous percer à jour. »,,,,,,,,
Dialogs	AR_Viira_Ivcx_129,Ivcx,AR,LINE,"""And while we are here, the offer is also offered to Snell.""",,,,,,,,	AR_Viira_Ivcx_129,Ivcx,AR,LINE,"« Et tant que nous y sommes, l'offre est aussi étendue à Snell. »",,,,,,,,
Dialogs	AR_Viira_Ivcx_130,Ivcx,AR,LINE,"""What is your interest in this deal?""",,,,,,,,	AR_Viira_Ivcx_130,Ivcx,AR,LINE,« Quel est votre intérêt dans cet accord ? »,,,,,,,,
Dialogs	AR_Viira_Ivcx_135,Ivcx,AR,LINE,"""Your consideration has also been recorded.""",,,,,,,,	AR_Viira_Ivcx_135,Ivcx,AR,LINE,« Votre considération a également été enregistrée. »,,,,,,,,
Dialogs	AR_Viira_Ivcx_240,PC,AR,CHOICE,"""Ambassador. The Freestrider Revolution is the greatest feat of liberty the Coast has ever seen. What makes you think the AR Trading Co. should take orders from you?"" (Stand up to the Golden Horde.)",,,,,,,,	AR_Viira_Ivcx_240,PC,AR,CHOICE,« Ambassadeur. La Révolution des Errants est le plus grand exploit de liberté que la Côte ait jamais vu. Qu'est-ce qui vous fait penser que la AR Trading Co. devrait prendre des ordres de vous ? » (Tenir tête à la Horde d'Or.),,,,,,,,
Dialogs	AR_Viira_Ivcx_441,PC,AR,CHOICE,"(Whisper back.) ""<i>What. Do you. Mean?</i>""",,,,,,,,	AR_Viira_Ivcx_441,PC,AR,CHOICE,(Chuchoter en retour.) « <i>Qu'est-ce. Que vous. Voulez dire ?</i> »,,,,,,,,
Dialogs	CB_Akzel_112,PC,CB,CHOICE,"""Ah oui. The fire trap.""",,,,,,,,	CB_Akzel_112,PC,CB,CHOICE,« Ah oui. Le piège à feu. »,,,,,,,,
Dialogs	CB_Apartment_176,PC,CB,CHOICE,"""Fine. Take it."" (Offer the key.)",,,,,,,,	CB_Apartment_176,PC,CB,CHOICE,« D'accord. Prenez-la. » (Offrir la clé.),,,,,,,,
Dialogs	CB_BagofHolding_150,PC,CB,CHOICE,...That's the... last apple?,,,,,,,,	CB_BagofHolding_150,PC,CB,CHOICE,...C'est la... dernière pomme ?,,,,,,,,
Dialogs	CB_Bondavol_143,PC,CB,CHOICE,"(Yell.) ""Hello? Visken sent me here! Is there anyone here?!""",,,,,,,,	CB_Bondavol_143,PC,CB,CHOICE,(Crier.) « Allô ? Visken m'a envoyé ici ! Y a quelqu'un ?! »,,,,,,,,
Dialogs	CB_Bondavol_146,PC,CB,CHOICE,I should just leave this alone. Pour l'instant.,,,,,,,,	CB_Bondavol_146,PC,CB,CHOICE,Je devrais laisser ça tranquille. Pour l'instant.,,,,,,,,
Dialogs	CB_Bondavol_300,PC,CB,CHOICE,"""Snell, I think the skull likes me."" (Whisper.)",,,,,,,,	CB_Bondavol_300,PC,CB,CHOICE,"« Snell, je crois que le crâne m'aime bien. » (Chuchoter.)",,,,,,,,
Dialogs	CB_Bondavol_682,PC,CB,CHOICE,"""The Lord of the Une forteresse ?""",,,,,,,,	CB_Bondavol_682,PC,CB,CHOICE,« Le Seigneur de la Une forteresse ? »,,,,,,,,
Dialogs	CB_CavePaintings_59,PC,CB,CHOICE,Fascinant. But I should move on.,,,,,,,,	CB_CavePaintings_59,PC,CB,CHOICE,Fascinant. Mais je devrais passer à autre chose.,,,,,,,,
Dialogs	CB_CryptDoor_43,cha,CB,LINE,"That won't be needed in this dead, bony place.",,,,,,,,	CB_CryptDoor_43,cha,CB,LINE,Ce ne sera pas nécessaire dans ce lieu mort et osseux.,,,,,,,,
Dialogs	CB_Dancer_55,PC,CB,CHOICE,"(Slap his hand away.) ""GET YOUR HANDS OFF ME, <b>GOBLIN</b>!""",,,,,,,,	CB_Dancer_55,PC,CB,CHOICE,"(Repousser sa main d'une claque.) « ENLÈVE TES MAINS DE MOI, <b>GOBELIN</b> ! »",,,,,,,,
Dialogs	CB_Darkness_45,PC,CB,CHOICE,Allez. Snell's not here...,,,,,,,,	CB_Darkness_45,PC,CB,CHOICE,Allez. Snell n'est pas là...,,,,,,,,
Dialogs	CB_GelCubeSpot_62,PC,CB,CHOICE,"""Nothing, Snell. Let's continue."" (Leave? Maybe?)",,,,,,,,	CB_GelCubeSpot_62,PC,CB,CHOICE,"« Rien, Snell. Continuons. » (Partir ? Peut-être ?)",,,,,,,,
Dialogs	CB_HallwaySolution_153,int,CB,LINE,You're too far away to make use of Comprehend Le langage. The goblin is your only shot.,,,,,,,,	CB_HallwaySolution_153,int,CB,LINE,Tu es trop loin pour user de Compréhension des Langues. Le gobelin est ta seule chance.,,,,,,,,
Dialogs	CB_HallwayTrap_57,PC,CB,CHOICE,"""I can take anything."" (Cough up blood in your helmet.)",,,,,,,,	CB_HallwayTrap_57,PC,CB,CHOICE,« Je peux tout encaisser. » (Cracher du sang dans ton heaume.),,,,,,,,
Dialogs	CB_Kraaid_29,PC,CB,CHOICE,"""Food?"" (Mutter to yourself and look around.)",,,,,,,,	CB_Kraaid_29,PC,CB,CHOICE,« De la nourriture ? » (Marmonner pour toi-même et regarder autour.),,,,,,,,
Dialogs	CB_Lake_125,PC,CB,CHOICE,"(Toss in 100 crowns.) ""I'd like some of your healing water.""",,,,,,,,	CB_Lake_125,PC,CB,CHOICE,(Jeter 100 écus dedans.) « J'aimerais un peu de votre eau de soin. »,,,,,,,,
Dialogs	CB_LivingLibrary_290,PC,CB,CHOICE,"""Que veux-tu dire ? I've lost my only vote. I won't be able to participate in our first ever election. This is a tragedy.""",,,,,,,,	CB_LivingLibrary_290,PC,CB,CHOICE,« Que veux-tu dire ? J'ai perdu mon seul vote. Je ne pourrai pas participer à notre toute première élection. C'est une tragédie. »,,,,,,,,
Dialogs	CB_Moongore_251,PC,CB,CHOICE,"(Point towards the mushroom lady.) ""Who's that?""",,,,,,,,	CB_Moongore_251,PC,CB,CHOICE,(Pointer vers la dame champignon.) « C'est qui ? »,,,,,,,,
Dialogs	CB_Moongore_344,PC,CB,CHOICE,"""I'll avenge your honor."" (Salute her.) ""I swear.""",,,,,,,,	CB_Moongore_344,PC,CB,CHOICE,« Je vengerai votre honneur. » (La saluer.) « Je le jure. »,,,,,,,,
Dialogs	CB_Moongore_397,PC,CB,CHOICE,"(Whisper to Meek.) ""Quiet, I'm trying to score here.""",,,,,,,,	CB_Moongore_397,PC,CB,CHOICE,"(Chuchoter à Meek.) « Silence, j'essaie de marquer des points. »",,,,,,,,
Dialogs	CB_MysteryDoor_41,PC,CB,CHOICE,"""<i>Master Hagginshags, I will learn</i>."" (Say the words from the petrified wizard.)",,,,,,,,	CB_MysteryDoor_41,PC,CB,CHOICE,"« <i>Maître Hagginshags, je vais apprendre</i>. » (Prononcer les mots du magicien pétrifié.)",,,,,,,,
Dialogs	CB_MysteryDoor_42,PC,CB,CHOICE,"""<i>Learn, I will learn</i>."" (Say the words from the voice.)",,,,,,,,	CB_MysteryDoor_42,PC,CB,CHOICE,"« <i>Apprendre, je vais apprendre</i>. » (Prononcer les mots de la voix.)",,,,,,,,
Dialogs	CB_NotMimic_429,PC,CB,CHOICE,"""I'm tired of this."" (Just punch it.)",,,,,,,,	CB_NotMimic_429,PC,CB,CHOICE,« J'en ai marre. » (Lui flanquer un coup de poing.),,,,,,,,
Dialogs	CB_NotMimic_526,PC,CB,CHOICE,"""Ew."" (Drop the fang.)",,,,,,,,	CB_NotMimic_526,PC,CB,CHOICE,« Beurk. » (Lâcher le croc.),,,,,,,,
Dialogs	CB_Questions_64,PC,CB,CHOICE,"(Lean over to Snell.) ""Que devrais-je dire ?""",,,,,,,,	CB_Questions_64,PC,CB,CHOICE,(Se pencher vers Snell.) « Que devrais-je dire ? »,,,,,,,,
Dialogs	CB_Questions_83,PC,CB,CHOICE,"C'est... kind of personal. Luckily I'm alone down here, so no one will hear my answer.",,,,,,,,	CB_Questions_83,PC,CB,CHOICE,"C'est... un peu personnel. Heureusement je suis seul ici, donc personne n'entendra ma réponse.",,,,,,,,
Dialogs	CB_Roper_70,PC,CB,CHOICE,"(Be surprised.) ""What?""",,,,,,,,	CB_Roper_70,PC,CB,CHOICE,(Être surpris.) « Quoi ? »,,,,,,,,
Dialogs	CB_Roper_574,PC,CB,CHOICE,"""You too. Great job, Snell."" (Lui lever le pouce.)",,,,,,,,	CB_Roper_574,PC,CB,CHOICE,"« Toi aussi. Beau travail, Snell. » (Lui lever le pouce.)",,,,,,,,
Dialogs	CB_Roper_579,PC,CB,CHOICE,"""Thank you for saving me."" (Leave, thankfully.)",,,,,,,,	CB_Roper_579,PC,CB,CHOICE,"« Merci de m'avoir sauvé. » (Partir, reconnaissant.)",,,,,,,,
Dialogs	CB_Roper_580,PC,CB,CHOICE,"""I am a hero. A hero of the City Below."" (Leave, proudly.)",,,,,,,,	CB_Roper_580,PC,CB,CHOICE,"« Je suis un héros. Un héros de la Cité Inférieure. » (Partir, fièrement.)",,,,,,,,
Dialogs	CB_Roper_581,PC,CB,CHOICE,C'est fait. The monster has been vanquished. (Partir.),,,,,,,,	CB_Roper_581,PC,CB,CHOICE,C'est fait. Le monstre est vaincu. (Partir.),,,,,,,,
Dialogs	CB_Skeleton_106,PC,CB,CHOICE,"""I can't do this, Snell. I'm dying."" (Let him do his thing.)",,,,,,,,	CB_Skeleton_106,PC,CB,CHOICE,"« Je peux pas faire ça, Snell. Je meurs. » (Le laisser faire son truc.)",,,,,,,,
Dialogs	CB_Skeleton_203,PC,CB,CHOICE,"(S'agenouiller.) ""Attends. I have to make sure this warrior gets what he deserves.""",,,,,,,,	CB_Skeleton_203,PC,CB,CHOICE,(S'agenouiller.) « Attends. Je dois m'assurer que ce guerrier reçoive ce qu'il mérite. »,,,,,,,,
Dialogs	CB_Snails_19,PC,CB,CHOICE,"""You ever seen a snail like this before, Snell?"" (Gesture with your arms to emphasize the humongous nature of the creature.)",,,,,,,,	CB_Snails_19,PC,CB,CHOICE,"« T'as déjà vu un escargot comme ça, Snell ? » (Gesticuler des bras pour souligner l'immensité de la créature.)",,,,,,,,
Dialogs	CB_Whitemane_68,PC,CB,CHOICE,"""Probablement. They wouldn't just write that on a shrine for no reason.""",,,,,,,,	CB_Whitemane_68,PC,CB,CHOICE,« Probablement. Ils n'écriraient pas ça sur un sanctuaire sans raison. »,,,,,,,,
Dialogs	CB_Whitemane_159,PC,CB,CHOICE,"(Regarder autour.) ""What?""",,,,,,,,	CB_Whitemane_159,PC,CB,CHOICE,(Regarder autour.) « Quoi ? »,,,,,,,,
Dialogs	CB_WhitemaneMaw_24,PC,CB,CHOICE,"""<i>Crinblanca</i>."" (Speak the name clearly.)",,,,,,,,	CB_WhitemaneMaw_24,PC,CB,CHOICE,« <i>Crinblanca</i>. » (Prononcer le nom clairement.),,,,,,,,
Dialogs	CB_WhitemaneMaw_64,PC,CB,CHOICE,Leave the statue. Pour l'instant.,,,,,,,,	CB_WhitemaneMaw_64,PC,CB,CHOICE,Laisser la statue. Pour l'instant.,,,,,,,,
Dialogs	CB_WhitemaneSkull_21,PC,CB,CHOICE,"""Okay. I'll leave you to it."" (Pat the top of the skull.)",,,,,,,,	CB_WhitemaneSkull_21,PC,CB,CHOICE,« D'accord. Je vous laisse à ça. » (Tapoter le sommet du crâne.),,,,,,,,
Dialogs	Default_PillarofJor_267,PC,Default,CHOICE,"""Right, I'll have to look around. Ask around. Et ainsi de suite.""",,,,,,,,	Default_PillarofJor_267,PC,Default,CHOICE,"« D'accord, je vais devoir regarder autour. Demander aux gens. Et ainsi de suite. »",,,,,,,,
Dialogs	Default_PillarofJor_272,PC,Default,CHOICE,"""Right, I'll have to look around. Ask around. Et ainsi de suite.""",,,,,,,,	Default_PillarofJor_272,PC,Default,CHOICE,"« D'accord, je vais devoir regarder autour. Demander aux gens. Et ainsi de suite. »",,,,,,,,
Dialogs	Default_PillarofJor_273,PC,Default,CHOICE,"""Right, I'll have to look around. Ask around. Et ainsi de suite.""",,,,,,,,	Default_PillarofJor_273,PC,Default,CHOICE,"« D'accord, je vais devoir regarder autour. Demander aux gens. Et ainsi de suite. »",,,,,,,,
Dialogs	Default_PillarofJor_520,PC,Default,CHOICE,"(Whisper to Visken.) ""Teleport only me. I'm going in alone.""",,,,,,,,	Default_PillarofJor_520,PC,Default,CHOICE,(Chuchoter à Visken.) « Téléporte-moi seul. J'y vais seul. »,,,,,,,,
Dialogs	DN_Darrow_425,YOU,DN,LINE,"""Cheers to that. <> #LOC_425",,,,,,,,	DN_Darrow_425,YOU,DN,LINE,« J'ai besoin d'accéder au salon de thé. » (Avaler difficilement.),,,,,,,,
Dialogs	DN_Darrow_452,PC,DN,CHOICE,"""I've actually already entered the tea shop. So..."" (Don't swear an oath.)",,,,,,,,	DN_Darrow_452,PC,DN,CHOICE,"« En fait, je suis déjà entré dans le salon de thé. Donc... » (Ne pas prêter serment.)",,,,,,,,
Dialogs	DN_Ettir_4,PC,DN,CHOICE,"""Is the Magistrate...?"" (Point to the stairs.)",,,,,,,,	DN_Ettir_4,PC,DN,CHOICE,« La Magistrate est-elle... ? » (Pointer vers les escaliers.),,,,,,,,
Dialogs	DN_Ettir_17,PC,DN,CHOICE,"""Darrow's letting me stay in your tower."" (Show her the key.)",,,,,,,,	DN_Ettir_17,PC,DN,CHOICE,« Darrow me laisse loger dans votre tour. » (Lui montrer la clé.),,,,,,,,
Dialogs	DS_Akzel_24,PC,DS,CHOICE,"""The pickaxe? Ah oui. That thing.""",,,,,,,,	DS_Akzel_24,PC,DS,CHOICE,« La pioche ? Ah oui. Ce truc. »,,,,,,,,
Dialogs	DS_Deck_137,cha,DS,LINE,See the-,,,,,,,,	DS_Deck_137,cha,DS,LINE,Vois le —,,,,,,,,
Dialogs	DS_DonationBowl_80,PC,DS,CHOICE,"""I am. Thank you, Snell."" (Partir.)",,,,,,,,	DS_DonationBowl_80,PC,DS,CHOICE,"« Je le suis. Merci, Snell. » (Partir.)",,,,,,,,
Dialogs	DS_Olzis_72,PC,DS,CHOICE,"(Turn to Snell.) ""You know this sphinx?""",,,,,,,,	DS_Olzis_72,PC,DS,CHOICE,(Se tourner vers Snell.) « Tu connais ce sphinx ? »,,,,,,,,
Dialogs	DS_Olzis_100,PC,DS,CHOICE,"""I'm here. It's daytime. Que dois-je faire ?""",,,,,,,,	DS_Olzis_100,PC,DS,CHOICE,« Je suis là. Il fait jour. Que dois-je faire ? »,,,,,,,,
Dialogs	DS_Olzis_109,PC,DS,CHOICE,"""You're a... very impressive creature, you know that?"" (Attempt to flirt.)",,,,,,,,	DS_Olzis_109,PC,DS,CHOICE,"« Vous êtes une... créature très impressionnante, vous savez ? » (Tenter de flirter.)",,,,,,,,
Dialogs	DS_Olzis_161,PC,DS,CHOICE,"""I've got one already. Found it down below. But..."" (Look a bit uncomfortable at the idea of giving away your emerald.)",,,,,,,,	DS_Olzis_161,PC,DS,CHOICE,« J'en ai déjà une. Trouvée en bas. Mais... » (Avoir l'air un peu mal à l'aise à l'idée de céder ton émeraude.),,,,,,,,
Dialogs	DS_Olzis_409,PC,DS,CHOICE,"(Turn to your companion and whisper.) ""This is important, Snell.""",,,,,,,,	DS_Olzis_409,PC,DS,CHOICE,"(Se tourner vers ton compagnon et chuchoter.) « C'est important, Snell. »",,,,,,,,
Dialogs	DS_Olzis_899,YOU,DS,LINE,"""I'll accept that title. <> #LOC_899",,,,,,,,	DS_Olzis_899,YOU,DS,LINE,"« Hé, gamin. » (Lui montrer le Registre Orange, subrepticement.)",,,,,,,,
Dialogs	DS_Smarter_120,PC,DS,CHOICE,"""Attends. I need to ask, what do you know about the tea shop?""",,,,,,,,	DS_Smarter_120,PC,DS,CHOICE,"« Attends. Je dois te demander, que sais-tu du salon de thé ? »",,,,,,,,
Dialogs	Enc_Final_352,PC,Enc,CHOICE,"""Bien. To the Tolstad dungeon we go."" (Go to grab her.)",,,,,,,,	Enc_Final_352,PC,Enc,CHOICE,« Bien. En route pour le donjon de Tolstad. » (Aller la chercher.),,,,,,,,
Dialogs	EP_Alfoz_26,PC,EP,CHOICE,"(Slap him back.) ""I'm just doing my duty to the cause.""",,,,,,,,	EP_Alfoz_26,PC,EP,CHOICE,(Le claquer en retour.) « Je fais juste mon devoir envers la cause. »,,,,,,,,
Dialogs	EP_Borgo_132,PC,EP,CHOICE,"""I can't seem to figure you out."" (Recommence.)",,,,,,,,	EP_Borgo_132,PC,EP,CHOICE,« J'arrive pas à te cerner. » (Recommencer.),,,,,,,,
Dialogs	EP_Darrow_202,PC,EP,CHOICE,"(Lean in and whisper.) ""Are you aware that Lady Sageleaf is a dragon?""",,,,,,,,	EP_Darrow_202,PC,EP,CHOICE,(Se pencher et chuchoter.) « Êtes-vous au courant que Lady Sageleaf est un dragon ? »,,,,,,,,
Dialogs	EP_Darrow_209,PC,EP,CHOICE,"""I went into the Beyond and fixed your problem. You don't need to know anything more."" (Don't tell him anything.)",,,,,,,,	EP_Darrow_209,PC,EP,CHOICE,« Je suis allé dans l'Au-delà et j'ai réglé votre problème. Vous n'avez pas besoin d'en savoir plus. » (Ne rien lui dire.),,,,,,,,
Dialogs	EP_Drummer_48,PC,EP,CHOICE,"""The Halfways handled his secret cache, right?"" (Turn to Snell.)",,,,,,,,	EP_Drummer_48,PC,EP,CHOICE,"« Les Halfways se sont occupés de sa cache secrète, hein ? » (Se tourner vers Snell.)",,,,,,,,
Dialogs	EP_Drummer_56,PC,EP,CHOICE,"(Hand him back the papers.) ""Fine, take them.""",,,,,,,,	EP_Drummer_56,PC,EP,CHOICE,"(Lui rendre les papiers.) « D'accord, prenez-les. »",,,,,,,,
Dialogs	EP_Ettir_164,str,EP,LINE,what?,,,,,,,,	EP_Ettir_164,str,EP,LINE,quoi ?,,,,,,,,
Dialogs	EP_Miska_181,PC,EP,CHOICE,"(Turn to Snell and whisper.) ""So you're really okay knowing that she's a...""",,,,,,,,	EP_Miska_181,PC,EP,CHOICE,(Se tourner vers Snell et chuchoter.) « Donc t'es vraiment OK avec le fait qu'elle soit une... »,,,,,,,,
Dialogs	EP_Miska_192,PC,EP,CHOICE,"(Ask Lady Sageleaf meekly.) ""So... what happened to Mr. Drummer?""",,,,,,,,	EP_Miska_192,PC,EP,CHOICE,(Demander à Lady Sageleaf timidement.) « Alors... qu'est-il arrivé à M. Drummer ? »,,,,,,,,
Dialogs	EP_Miska_210,PC,EP,CHOICE,"(Give her the Orange Ledger.) ""These documents contain extremely sensitive information, indicating that the Magistrates are selling out the city to Freestrider interests.""",,,,,,,,	EP_Miska_210,PC,EP,CHOICE,"(Lui donner le Registre Orange.) « Ces documents contiennent des informations extrêmement sensibles, indiquant que les Magistrats vendent la cité aux intérêts des Errants. »",,,,,,,,
Dialogs	EP_Miska_216,PC,EP,CHOICE,"(Turn to Snell.) ""...You told her?""",,,,,,,,	EP_Miska_216,PC,EP,CHOICE,(Se tourner vers Snell.) « ...Tu lui as dit ? »,,,,,,,,
Dialogs	EP_Moongore_86,PC,EP,CHOICE,"(Whisper to Meek.) ""Quiet, I'm trying to score here.""",,,,,,,,	EP_Moongore_86,PC,EP,CHOICE,"(Chuchoter à Meek.) « Silence, j'essaie de marquer des points. »",,,,,,,,
Dialogs	EP_Olzis_21,PC,EP,CHOICE,"""I'm not sure what Je crois.""",,,,,,,,	EP_Olzis_21,PC,EP,CHOICE,« Je ne suis pas sûr de ce que je crois. »,,,,,,,,
Dialogs	EP_Oyu_44,PC,EP,CHOICE,"""Yeah, I have it right here."" (Show her.)",,,,,,,,	EP_Oyu_44,PC,EP,CHOICE,"« Ouais, je l'ai juste là. » (Le lui montrer.)",,,,,,,,
Dialogs	EP_Razz_3,PC,EP,CHOICE,"(Turn to Snell.) ""I don't think he likes me.""",,,,,,,,	EP_Razz_3,PC,EP,CHOICE,(Se tourner vers Snell.) « Je crois qu'il ne m'aime pas. »,,,,,,,,
Dialogs	EP_Rix_Lisa_147,PC,EP,CHOICE,"""I'mma head inside."" (Point towards the Tavern doors.)",,,,,,,,	EP_Rix_Lisa_147,PC,EP,CHOICE,« J'vais rentrer. » (Pointer vers les portes de la Taverne.),,,,,,,,
Dialogs	EP_Simii_1,Simii,EP,LINE,The robust dwarf stands among rubble and soot with his arms crossed.,,,,,,,,	EP_Simii_1,Simii,EP,LINE,"Le robuste nain se tient parmi les gravats et la suie, les bras croisés.",,,,,,,,
Dialogs	EP_Simii_2,Simii,EP,LINE,His eyes gazing upon the carnage.,,,,,,,,	EP_Simii_2,Simii,EP,LINE,Son regard contemple le carnage.,,,,,,,,
Dialogs	EP_Simii_4,PC,EP,CHOICE,"""You spelunking?""",,,,,,,,	EP_Simii_4,PC,EP,CHOICE,« Tu fais de la spéléo ? »,,,,,,,,
Dialogs	EP_Simii_5,PC,EP,CHOICE,"""It's awful, isn't it?""",,,,,,,,	EP_Simii_5,PC,EP,CHOICE,"« C'est affreux, non ? »",,,,,,,,
Dialogs	EP_Simii_6,Simii,EP,LINE,"The dwarf jolts, your comment breaking him away from his thoughts.",,,,,,,,	EP_Simii_6,Simii,EP,LINE,"Le nain sursaute, ton commentaire l'arrachant à ses pensées.",,,,,,,,
Dialogs	EP_Simii_7,Simii,EP,LINE,"""Ah! It's um. I'm just taking a look.""",,,,,,,,	EP_Simii_7,Simii,EP,LINE,« Ah ! C'est euh. Je jette juste un œil. »,,,,,,,,
Dialogs	EP_Simii_8,Simii,EP,LINE,"""We were here a lot, you know.""",,,,,,,,	EP_Simii_8,Simii,EP,LINE,"« On était souvent ici, tu sais. »",,,,,,,,
Dialogs	EP_Simii_10,PC,EP,CHOICE,"""You and the Azgals?""",,,,,,,,	EP_Simii_10,PC,EP,CHOICE,« Toi et les Azgals ? »,,,,,,,,
Dialogs	EP_Simii_15,PC,EP,CHOICE,(Just look around in silence.),,,,,,,,	EP_Simii_15,PC,EP,CHOICE,(Se contenter de regarder autour en silence.),,,,,,,,
Dialogs	EP_Simii_16,Simii,EP,LINE,"He coughs once, and mutters something to himself.",,,,,,,,	EP_Simii_16,Simii,EP,LINE,"Il tousse une fois, et marmonne quelque chose pour lui-même.",,,,,,,,
Dialogs	EP_Simii_18,Simii,EP,LINE,"The dwarf taps the counter, wiping some soot away.",,,,,,,,	EP_Simii_18,Simii,EP,LINE,"Le nain tapote le comptoir, essuyant un peu de suie.",,,,,,,,
Dialogs	EP_Simii_19,Simii,EP,LINE,"""Lady Sageleaf said I could get a nice deal on this place, if I clean it up.""",,,,,,,,	EP_Simii_19,Simii,EP,LINE,"« Lady Sageleaf a dit que je pourrais avoir un bon prix pour cet endroit, si je le nettoie. »",,,,,,,,
Dialogs	EP_Simii_20,PC,EP,CHOICE,"""You want to buy the tea shop?""",,,,,,,,	EP_Simii_20,PC,EP,CHOICE,« Tu veux acheter le salon de thé ? »,,,,,,,,
Dialogs	EP_Simii_21,Simii,EP,LINE,"""I'm thinking about it.""",,,,,,,,	EP_Simii_21,Simii,EP,LINE,« J'y réfléchis. »,,,,,,,,
Dialogs	EP_Simii_22,PC,EP,CHOICE,"""Oh! What a capitalist.""",,,,,,,,	EP_Simii_22,PC,EP,CHOICE,« Oh ! Quel capitaliste. »,,,,,,,,
Dialogs	EP_Simii_25,PC,EP,CHOICE,"""Not the best business venture, is it?""",,,,,,,,	EP_Simii_25,PC,EP,CHOICE,"« Pas la meilleure affaire commerciale, hein ? »",,,,,,,,
Dialogs	EP_Simii_27,Simii,EP,LINE,"""It's a good location. Will be smart to get Azgal activity centralized.""",,,,,,,,	EP_Simii_27,Simii,EP,LINE,« C'est un bon emplacement. Ce sera malin de centraliser l'activité Azgal. »,,,,,,,,
Dialogs	EP_Simii_28,Simii,EP,LINE,"""And it'll get everyone out of my apartment.""",,,,,,,,	EP_Simii_28,Simii,EP,LINE,« Et ça fera sortir tout le monde de mon appartement. »,,,,,,,,
Dialogs	EP_Simii_33,dex,EP,LINE,Twelve hundred is a great monthly for a place like this.,,,,,,,,	EP_Simii_33,dex,EP,LINE,"Mille deux cents, c'est un super loyer mensuel pour un endroit comme ça.",,,,,,,,
Dialogs	EP_Simii_41,Simii,EP,LINE,"""I can finance it with my savings, and get a good supplement via the Union funds. Hosting official events, and so on.""",,,,,,,,	EP_Simii_41,Simii,EP,LINE,"« Je peux le financer avec mes économies, et obtenir un bon complément via les fonds du Syndicat. En accueillant des événements officiels, et ainsi de suite. »",,,,,,,,
Dialogs	EP_Simii_42,Simii,EP,LINE,"""Just have to make sure we get a hold of Mr. Drummer first.""",,,,,,,,	EP_Simii_42,Simii,EP,LINE,« Faut juste qu'on mette la main sur M. Drummer d'abord. »,,,,,,,,
Dialogs	EP_Simii_43,PC,EP,CHOICE,"""What about the owner?""",,,,,,,,	EP_Simii_43,PC,EP,CHOICE,« Et le propriétaire ? »,,,,,,,,
Dialogs	EP_Simii_45,Simii,EP,LINE,"""Yeah, haven't heard from him yet. But Lady Sageleaf is hasty to bring out the paperwork.""",,,,,,,,	EP_Simii_45,Simii,EP,LINE,"« Ouais, j'ai pas encore eu de ses nouvelles. Mais Lady Sageleaf est pressée de sortir la paperasse. »",,,,,,,,
Dialogs	EP_Simii_46,Simii,EP,LINE,"""From what I've heard, he won't be back any time soon.""",,,,,,,,	EP_Simii_46,Simii,EP,LINE,"« D'après ce que j'ai entendu, il n'est pas près de revenir. »",,,,,,,,
Dialogs	EP_Simii_48,Simii,EP,LINE,"""Right, for the explosion?""",,,,,,,,	EP_Simii_48,Simii,EP,LINE,"« Vrai, pour l'explosion ? »",,,,,,,,
Dialogs	EP_Simii_49,Simii,EP,LINE,"""Uhm. I'm sure he didn't know anything. Mr. Drummer was never the nefarious kind.""",,,,,,,,	EP_Simii_49,Simii,EP,LINE,« Euh. Je suis sûr qu'il ne savait rien. M. Drummer n'a jamais été du genre malveillant. »,,,,,,,,
Dialogs	EP_Simii_50,dex,EP,LINE,"Ignoring the secret stash of smuggled goods in the back, of course.",,,,,,,,	EP_Simii_50,dex,EP,LINE,"En ignorant la cachette secrète de marchandises de contrebande à l'arrière, bien sûr.",,,,,,,,
Dialogs	EP_Simii_51,PC,EP,CHOICE,"""That won't be an issue.""",,,,,,,,	EP_Simii_51,PC,EP,CHOICE,« Ce ne sera pas un problème. »,,,,,,,,
Dialogs	EP_Simii_53,Simii,EP,LINE,"""Why is that?""",,,,,,,,	EP_Simii_53,Simii,EP,LINE,« Pourquoi donc ? »,,,,,,,,
Dialogs	EP_Simii_54,PC,EP,CHOICE,"""He's gone. Left the city during the chaos.""",,,,,,,,	EP_Simii_54,PC,EP,CHOICE,« Il est parti. A quitté la cité pendant le chaos. »,,,,,,,,
Dialogs	EP_Simii_56,Simii,EP,LINE,"""So that's why Sageleaf was so adamant. C'est logique.""",,,,,,,,	EP_Simii_56,Simii,EP,LINE,« C'est donc pour ça que Sageleaf était si catégorique. C'est logique. »,,,,,,,,
Dialogs	EP_Simii_57,PC,EP,CHOICE,"""He's still around, but he owes Lady Sageleaf a lot. He won't bother you.""",,,,,,,,	EP_Simii_57,PC,EP,CHOICE,"« Il est encore dans le coin, mais il doit beaucoup à Lady Sageleaf. Il ne vous embêtera pas. »",,,,,,,,
Dialogs	EP_Simii_58,PC,EP,CHOICE,"""I'm not telling you.""",,,,,,,,	EP_Simii_58,PC,EP,CHOICE,« Je ne vous le dirai pas. »,,,,,,,,
Dialogs	EP_Simii_62,Simii,EP,LINE,"He gives you a final glance and mutters, ""Nice helmet, by the way.""",,,,,,,,	EP_Simii_62,Simii,EP,LINE,"Il te jette un dernier regard et marmonne : « Joli heaume, au fait. »",,,,,,,,
Dialogs	EP_Simii_64,Simii,EP,LINE,The dwarf looks wistfully at the rubble and carnage.,,,,,,,,	EP_Simii_64,Simii,EP,LINE,Le nain regarde mélancoliquement les gravats et le carnage.,,,,,,,,
Dialogs	EP_Simii_65,wis,EP,LINE,He thinks of the future.,,,,,,,,	EP_Simii_65,wis,EP,LINE,Il pense à l'avenir.,,,,,,,,
Dialogs	EP_Simii_66,dex,EP,LINE,We'll make a true capitalist out of this Azgal!,,,,,,,,	EP_Simii_66,dex,EP,LINE,On va faire un vrai capitaliste de cet Azgal !,,,,,,,,
Dialogs	EP_Simii_67,PC,EP,CHOICE,"""One more thing: what are you gonna call it?""",,,,,,,,	EP_Simii_67,PC,EP,CHOICE,« Encore une chose : comment vas-tu l'appeler ? »,,,,,,,,
Dialogs	EP_Simii_69,Simii,EP,LINE,"""Ah, the place? The <i>potential</i> place.""",,,,,,,,	EP_Simii_69,Simii,EP,LINE,"« Ah, l'endroit ? L'<i>éventuel</i> endroit. »",,,,,,,,
Dialogs	EP_Simii_75,PC,EP,CHOICE,"""Your father's name was <i>Strokeback</i>?""",,,,,,,,	EP_Simii_75,PC,EP,CHOICE,« Le nom de ton père était <i>Strokeback</i> ? »,,,,,,,,
Dialogs	EP_Simii_78,PC,EP,CHOICE,"""...What was the name of the old tea shop?""",,,,,,,,	EP_Simii_78,PC,EP,CHOICE,« ...Quel était le nom de l'ancien salon de thé ? »,,,,,,,,
Dialogs	EP_Simii_80,Simii,EP,LINE,"""I don't seem to remember.""",,,,,,,,	EP_Simii_80,Simii,EP,LINE,« Je m'en souviens pas. »,,,,,,,,
Dialogs	EP_Simii_81,Simii,EP,LINE,"""We always just called it 'The Tea Shop' so...""",,,,,,,,	EP_Simii_81,Simii,EP,LINE,« On l'a toujours appelé 'Le Salon de Thé' alors... »,,,,,,,,
Dialogs	EP_Simii_82,Simii,EP,LINE,"""But in the future, we might instead say, let's go to <i>Strokeback</i>.""",,,,,,,,	EP_Simii_82,Simii,EP,LINE,"« Mais à l'avenir, on dira peut-être plutôt : allons à <i>Strokeback</i>. »",,,,,,,,
Dialogs	EP_Simii_83,PC,EP,CHOICE,"""It's like you're building a pillar of the community here. A solid rock for everyone to lean on. Like a mountain, in the middle of the city- where everyone can make a stand against commercial interests.""",,,,,,,,	EP_Simii_83,PC,EP,CHOICE,"« C'est comme si tu bâtissais un pilier de la communauté ici. Un roc solide sur lequel chacun peut s'appuyer. Comme une montagne, au milieu de la cité — où chacun peut résister aux intérêts commerciaux. »",,,,,,,,
Dialogs	EP_Simii_89,PC,EP,CHOICE,"""Maybe you should work on that a bit more.""",,,,,,,,	EP_Simii_89,PC,EP,CHOICE,« Tu devrais peut-être travailler ça encore un peu. »,,,,,,,,
Dialogs	EP_Simii_90,Simii,EP,LINE,"""Hm. You're right.""",,,,,,,,	EP_Simii_90,Simii,EP,LINE,« Hm. T'as raison. »,,,,,,,,
Dialogs	EP_Simii_91,Simii,EP,LINE,"""<i>The Strokeback Tea Shop</i> might be better.""",,,,,,,,	EP_Simii_91,Simii,EP,LINE,« <i>Le Salon de Thé Strokeback</i> serait peut-être mieux. »,,,,,,,,
Dialogs	EP_Simii_92,PC,EP,CHOICE,"""I have no real opinion on names. I'm apolitical like that.""",,,,,,,,	EP_Simii_92,PC,EP,CHOICE,« J'ai pas vraiment d'avis sur les noms. Je suis apolitique comme ça. »,,,,,,,,
Dialogs	EP_Simii_94,Simii,EP,LINE,"""You should think about that. Apoliticalism can lead to fascism, you know.""",,,,,,,,	EP_Simii_94,Simii,EP,LINE,"« Tu devrais y réfléchir. L'apoliticisme peut mener au fascisme, tu sais. »",,,,,,,,
Dialogs	EP_Simii_95,PC,EP,CHOICE,"""Let's go to Strokeback. Let's go have a Stroke, at Simii's! Yeah, I like that.""",,,,,,,,	EP_Simii_95,PC,EP,CHOICE,"« Allons à Strokeback. Allons prendre un Stroke chez Simii ! Ouais, j'aime ça. »",,,,,,,,
Dialogs	EP_Simii_97,Simii,EP,LINE,The dwarf goes back to planning out his future among the rubble.,,,,,,,,	EP_Simii_97,Simii,EP,LINE,Le nain retourne à la planification de son avenir parmi les gravats.,,,,,,,,
Dialogs	EP_Snell_72,PC,EP,CHOICE,"""Not... yet."" (Leave and check around a bit more.)",,,,,,,,	EP_Snell_72,PC,EP,CHOICE,« Pas... encore. » (Partir et regarder un peu plus.),,,,,,,,
Dialogs	EP_Snell_265,PC,EP,CHOICE,"""Kick the bucket?"" (Point at your helm.)",,,,,,,,	EP_Snell_265,PC,EP,CHOICE,« Casser sa pipe ? » (Pointer ton heaume.),,,,,,,,
Dialogs	EP_Snell_322,PC,EP,CHOICE,"(Gesture towards the ballot box.) ""You know I gotta ask. About your... political opinions.""",,,,,,,,	EP_Snell_322,PC,EP,CHOICE,(Faire un geste vers l'urne.) « Tu sais que je dois demander. Tes... opinions politiques. »,,,,,,,,
Dialogs	EP_Snell_828,PC,EP,CHOICE,"""No goblin salute?"" (Raise your hands a little.)",,,,,,,,	EP_Snell_828,PC,EP,CHOICE,« Pas de salut gobelin ? » (Lever un peu les mains.),,,,,,,,
Dialogs	EP_Snurre_96,PC,EP,CHOICE,"""So you've met Isk-Urum?"" (Look at the large snailman.)",,,,,,,,	EP_Snurre_96,PC,EP,CHOICE,« Donc tu as rencontré Isk-Urum ? » (Regarder le grand homme-escargot.),,,,,,,,
Dialogs	EP_Snurre_144,PC,EP,CHOICE,"""I'll leave you two to it."" (Leave them to it.) I should leave them to it.",,,,,,,,	EP_Snurre_144,PC,EP,CHOICE,« Je vous laisse à ça tous les deux. » (Les laisser à ça.) Je devrais les laisser à ça.,,,,,,,,
Dialogs	EP_Viira_239,PC,EP,CHOICE,"""You too, Agent Viira."" (Partir.)",,,,,,,,	EP_Viira_239,PC,EP,CHOICE,"« Vous aussi, Agent Viira. » (Partir.)",,,,,,,,
Dialogs	EP_Viira_240,PC,EP,CHOICE,"""I get the hint."" (Partir.)",,,,,,,,	EP_Viira_240,PC,EP,CHOICE,« Je comprends le message. » (Partir.),,,,,,,,
Dialogs	GG_Miska_549,PC,GG,CHOICE,My oath to the Coinlord makes this difficult. Que devrais-je faire ?,,,,,,,,	GG_Miska_549,PC,GG,CHOICE,Mon serment au Seigneur de la Monnaie rend ça difficile. Que devrais-je faire ?,,,,,,,,
Dialogs	GG_Miska_718,PC,GG,CHOICE,"Nod to Snell and say, ""You go.""",,,,,,,,	GG_Miska_718,PC,GG,CHOICE,Acquiescer à Snell et dire : « Vas-y. »,,,,,,,,
Dialogs	GG_Miska_1055,PC,GG,CHOICE,"(Hand her the papers.) ""Here. Take care of him.""",,,,,,,,	GG_Miska_1055,PC,GG,CHOICE,(Lui remettre les papiers.) « Tenez. Occupez-vous de lui. »,,,,,,,,
Dialogs	GG_Miska_1390,int,GG,LINE,Men like yourself took over from these beast long ago. Do not trust word from her lizard's tongue.,,,,,,,,	GG_Miska_1390,int,GG,LINE,Des hommes comme toi ont pris la relève de ces bêtes il y a longtemps. Ne fais pas confiance à la parole de sa langue de lézard.,,,,,,,,
Dialogs	GT_Ettir_279,PC,GT,CHOICE,"""You are an ethereal, yet also imposing woman."" (Attempt to flirt.)",,,,,,,,	GT_Ettir_279,PC,GT,CHOICE,"« Vous êtes une femme éthérée, et pourtant imposante. » (Tenter de flirter.)",,,,,,,,
Dialogs	GT_Literature_6,PC,GT,CHOICE,"I'm done here, Je crois.",,,,,,,,	GT_Literature_6,PC,GT,CHOICE,"J'en ai fini ici, je crois.",,,,,,,,
Dialogs	GW_Drummer_482,PC,GW,CHOICE,"(Turn to Snell and whisper.) ""What's protocol now?""",,,,,,,,	GW_Drummer_482,PC,GW,CHOICE,(Se tourner vers Snell et chuchoter.) « C'est quoi le protocole maintenant ? »,,,,,,,,
Dialogs	JC_Darkness_1,OBJ,JC,LINE,The cleric is on his knees under the stars.,,,,,,,,	JC_Darkness_1,OBJ,JC,LINE,Le clerc est à genoux sous les étoiles.,,,,,,,,
Dialogs	JC_Darkness_8,PC,JC,CHOICE,It's like this again.,,,,,,,,	JC_Darkness_8,PC,JC,CHOICE,C'est encore comme ça.,,,,,,,,
Dialogs	JC_Darkness_10,YOU,JC,LINE,The voices don't speak at all.,,,,,,,,	JC_Darkness_10,YOU,JC,LINE,Les voix ne parlent pas du tout.,,,,,,,,
Dialogs	JC_Darkness_12,YOU,JC,LINE,Then he hears something.,,,,,,,,	JC_Darkness_12,YOU,JC,LINE,Puis il entend quelque chose.,,,,,,,,
Dialogs	JC_Darkness_17,wis,JC,LINE,This is what the skies look like <i>Beyond</i>.,,,,,,,,	JC_Darkness_17,wis,JC,LINE,Voilà à quoi ressemblent les cieux dans l'<i>Au-delà</i>.,,,,,,,,
Dialogs	JC_Darkness_19,PC,JC,CHOICE,<i>Stars</i>. Like Everglad said.,,,,,,,,	JC_Darkness_19,PC,JC,CHOICE,<i>Des étoiles</i>. Comme l'a dit Everglad.,,,,,,,,
Dialogs	JC_Darkness_21,PC,JC,CHOICE,What are these?,,,,,,,,	JC_Darkness_21,PC,JC,CHOICE,C'est quoi ça ?,,,,,,,,
Dialogs	JC_Darkness_22,int,JC,LINE,You... don't know.,,,,,,,,	JC_Darkness_22,int,JC,LINE,Tu... ne sais pas.,,,,,,,,
Dialogs	JC_Darkness_23,int,JC,LINE,Perhaps they are Gates in the Beyond.,,,,,,,,	JC_Darkness_23,int,JC,LINE,Peut-être que ce sont des Portes dans l'Au-delà.,,,,,,,,
Dialogs	JC_Darkness_26,con,JC,LINE,The <b>world</b>. Is <b>vast</b>.,,,,,,,,	JC_Darkness_26,con,JC,LINE,Le <b>monde</b>. Est <b>vaste</b>.,,,,,,,,
Dialogs	JC_Darkness_27,dex,JC,LINE,"Horrifiant. Like, damn.",,,,,,,,	JC_Darkness_27,dex,JC,LINE,"Horrifiant. Genre, putain.",,,,,,,,
Dialogs	JC_Darkness_28,cha,JC,LINE,This is the sort of thing you can sing about in a tavern.,,,,,,,,	JC_Darkness_28,cha,JC,LINE,C'est le genre de truc qu'on peut chanter dans une taverne.,,,,,,,,
Dialogs	JC_Darkness_29,str,JC,LINE,To think there is such beauty in such a dark place.,,,,,,,,	JC_Darkness_29,str,JC,LINE,Penser qu'il y a une telle beauté dans un endroit si sombre.,,,,,,,,
Dialogs	JC_Darkness_30,str,JC,LINE,Perhaps your time is not up yet.,,,,,,,,	JC_Darkness_30,str,JC,LINE,Peut-être que ton heure n'est pas encore venue.,,,,,,,,
Dialogs	JC_Darkness_32,PC,JC,CHOICE,What is that sound?,,,,,,,,	JC_Darkness_32,PC,JC,CHOICE,C'est quoi ce son ?,,,,,,,,
Dialogs	JC_Darkness_35,con,JC,LINE,That is <b>whale song</b>.,,,,,,,,	JC_Darkness_35,con,JC,LINE,C'est un <b>chant de baleine</b>.,,,,,,,,
Dialogs	JC_Darkness_37,PC,JC,CHOICE,Hm? (Tear your eyes from the sky.),,,,,,,,	JC_Darkness_37,PC,JC,CHOICE,Hm ? (Détacher tes yeux du ciel.),,,,,,,,
Dialogs	JC_Gorm_23,PC,JC,CHOICE,Who is sorry? What is... that voice? (Te sentir malade.),,,,,,,,	JC_Gorm_23,PC,JC,CHOICE,Qui est désolé ? C'est quoi... cette voix ? (Te sentir malade.),,,,,,,,
Dialogs	JC_Gorm_679,PC,JC,CHOICE,"""I have a Scroll of Wish. That could be used to treat Lord Âkesam."" (Show him.)",,,,,,,,	JC_Gorm_679,PC,JC,CHOICE,« J'ai un Parchemin de Souhait. On pourrait l'utiliser pour soigner Seigneur Âkesam. » (Le lui montrer.),,,,,,,,
Dialogs	JC_Gorm_745,PC,JC,CHOICE,"""Lord Gorm. As a paladin of Urth, your vows include a sworn oath to never hurt our people. You have broken that promise."" (Arrest him.)",,,,,,,,	JC_Gorm_745,PC,JC,CHOICE,"« Seigneur Gorm. En tant que paladin d'Urth, vos vœux incluent un serment juré de ne jamais nuire à notre peuple. Vous avez rompu cette promesse. » (L'arrêter.)",,,,,,,,
Dialogs	JC_Gorm_746,PC,JC,CHOICE,"""Lord Gorm. I will assist you."" (Join him.)",,,,,,,,	JC_Gorm_746,PC,JC,CHOICE,« Seigneur Gorm. Je vous assisterai. » (Le rejoindre.),,,,,,,,
Dialogs	JC_Gorm_1095,PC,JC,CHOICE,"""Stop acting like you've already lost!"" (Pousse-le.)",,,,,,,,	JC_Gorm_1095,PC,JC,CHOICE,« Arrête de te comporter comme si t'avais déjà perdu ! » (Pousse-le.),,,,,,,,
Dialogs	JC_Gorm_1677,PC,JC,CHOICE,what?,,,,,,,,	JC_Gorm_1677,PC,JC,CHOICE,quoi ?,,,,,,,,
Dialogs	JC_Gorm_1761,PC,JC,CHOICE,"""You have debased your very nature, Gorm. You cannot exist like this."" (Sound druidic.)",,,,,,,,	JC_Gorm_1761,PC,JC,CHOICE,"« Vous avez avili votre propre nature, Gorm. Vous ne pouvez exister ainsi. » (Sonner druidique.)",,,,,,,,
Dialogs	JC_Gorm_2105,PC,JC,CHOICE,"""I just need to... cast it."" (Look over your spell slots.)",,,,,,,,	JC_Gorm_2105,PC,JC,CHOICE,« J'ai juste besoin de... le lancer. » (Vérifier tes emplacements de sort.),,,,,,,,
Dialogs	JC_Gorm_2108,PC,JC,CHOICE,"""I just need to prepare it."" (Look for a shrine.)",,,,,,,,	JC_Gorm_2108,PC,JC,CHOICE,« J'ai juste besoin de le préparer. » (Chercher un sanctuaire.),,,,,,,,
Dialogs	JC_Gorm_2242,PC,JC,CHOICE,"""You're a <i>much better</i> lottery corpse, Snell."" (Prendre une profonde inspiration.)",,,,,,,,	JC_Gorm_2242,PC,JC,CHOICE,"« T'es un <i>bien meilleur</i> cadavre-loterie, Snell. » (Prendre une profonde inspiration.)",,,,,,,,
Dialogs	JC_Urth_118,PC,JC,CHOICE,"(Show him the strange sword you got from the Deck of Many Things.) ""You know anything about this blade?""",,,,,,,,	JC_Urth_118,PC,JC,CHOICE,(Lui montrer l'étrange épée obtenue du Jeu des Mille Choses.) « Vous savez quelque chose sur cette lame ? »,,,,,,,,
Dialogs	JC_Urth_175,PC,JC,CHOICE,"(Take off your Spent Ring of Spell Storing.) ""Is... this yours?""",,,,,,,,	JC_Urth_175,PC,JC,CHOICE,(Retirer ton Anneau de Réserve de Sorts Épuisé.) « Est-ce... à vous ? »,,,,,,,,
Dialogs	JC_Urth_219,PC,JC,CHOICE,"(Lean over to Snell and whisper.) ""He's been watching us.""",,,,,,,,	JC_Urth_219,PC,JC,CHOICE,(Se pencher vers Snell et chuchoter.) « Il nous observe. »,,,,,,,,
Dialogs	JC_Urth_484,PC,JC,CHOICE,"(Turn to Snell.)""You have something to ask?""",,,,,,,,	JC_Urth_484,PC,JC,CHOICE,(Se tourner vers Snell.) « T'as une question à poser ? »,,,,,,,,
Dialogs	JC_Urth_633,PC,JC,CHOICE,"(Point at your scarf.) ""Meek?""",,,,,,,,	JC_Urth_633,PC,JC,CHOICE,(Pointer ton écharpe.) « Meek ? »,,,,,,,,
Dialogs	JC_Urth_1257,PC,JC,CHOICE,"""I am- <i>we</i> are ready."" (Leave?)",,,,,,,,	JC_Urth_1257,PC,JC,CHOICE,« Je suis — <i>nous</i> sommes prêts. » (Partir ?),,,,,,,,
Dialogs	JC_Urth_1477,PC,JC,CHOICE,"""Snell, I think I'm a time traveler."" (Mumble to yourself and feel awful.)",,,,,,,,	JC_Urth_1477,PC,JC,CHOICE,"« Snell, je crois que je suis un voyageur temporel. » (Marmonner pour toi-même et te sentir mal.)",,,,,,,,
Dialogs	LL_Intro_50,YOU,LL,LINE,You answer. <>,,,,,,,,	LL_Intro_50,YOU,LL,LINE,Tu réponds. <>,,,,,,,,
Dialogs	LL_Intro_54,YOU,LL,LINE,You answer. <>,,,,,,,,	LL_Intro_54,YOU,LL,LINE,Tu réponds. <>,,,,,,,,
Dialogs	LL_Intro_58,YOU,LL,LINE,You answer. <>,,,,,,,,	LL_Intro_58,YOU,LL,LINE,Tu réponds. <>,,,,,,,,
Dialogs	LL_Intro_62,YOU,LL,LINE,You answer. <>,,,,,,,,	LL_Intro_62,YOU,LL,LINE,Tu réponds. <>,,,,,,,,
Dialogs	LL_Intro_65,YOU,LL,LINE,You answer. <>,,,,,,,,	LL_Intro_65,YOU,LL,LINE,Tu réponds. <>,,,,,,,,
Dialogs	LL_Intro_67,YOU,LL,LINE,You say nothing. <>,,,,,,,,	LL_Intro_67,YOU,LL,LINE,Tu ne dis rien. <>,,,,,,,,
Dialogs	LL_Intro_70,YOU,LL,LINE,You answer. <>,,,,,,,,	LL_Intro_70,YOU,LL,LINE,Tu réponds. <>,,,,,,,,
Dialogs	LL_Intro_73,YOU,LL,LINE,You answer. <>,,,,,,,,	LL_Intro_73,YOU,LL,LINE,Tu réponds. <>,,,,,,,,
Dialogs	LL_Intro_76,YOU,LL,LINE,You say nothing. <>,,,,,,,,	LL_Intro_76,YOU,LL,LINE,Tu ne dis rien. <>,,,,,,,,
Dialogs	LL_Intro_77,Jor,LL,LINE,Another question from the darkness.,,,,,,,,	LL_Intro_77,Jor,LL,LINE,Une autre question depuis les ténèbres.,,,,,,,,
Dialogs	LL_Zombie_33,PC,LL,CHOICE,"(Lean back.) ""Zombies aren't, like, allowed, right?""",,,,,,,,	LL_Zombie_33,PC,LL,CHOICE,"(Se reculer.) « Les zombies, c'est pas autorisé, hein ? »",,,,,,,,
Dialogs	LL_Zombie_162,PC,LL,CHOICE,"Hold up a closed fist and say, ""Here, look at this,"" then quickly try to trip him.",,,,,,,,	LL_Zombie_162,PC,LL,CHOICE,"Lever un poing fermé et dire : « Tiens, regarde ça », puis tenter rapidement de le faire trébucher.",,,,,,,,
Dialogs	LL_ZombieCheck_52,PC,LL,CHOICE,...I'll just go check out the shrine. (Deescalate this internal struggle.),,,,,,,,	LL_ZombieCheck_52,PC,LL,CHOICE,...Je vais juste aller voir le sanctuaire. (Désamorcer cette lutte intérieure.),,,,,,,,
Dialogs	LP_Lisa_126,PC,LP,CHOICE,"""Me Barbarian. Me fight and eat unprocessed meats."" (Grogner.)",,,,,,,,	LP_Lisa_126,PC,LP,CHOICE,« Moi Barbare. Moi battre et manger viandes non transformées. » (Grogner.),,,,,,,,
Dialogs	LP_Lisa_149,PC,LP,CHOICE,"(Point towards the dancing goblin in a cage on her shelf.) ""Is that Smarter?""",,,,,,,,	LP_Lisa_149,PC,LP,CHOICE,(Pointer le gobelin dansant dans une cage sur son étagère.) « C'est Smarter ? »,,,,,,,,
Dialogs	LP_Lisa_247,Lisa,LP,LINE,"Ses yeux s'agrandissent. ""The... what?""",,,,,,,,	LP_Lisa_247,Lisa,LP,LINE,Ses yeux s'agrandissent. « La... quoi ? »,,,,,,,,
Dialogs	LP_Lisa_432,PC,LP,CHOICE,"(Whisper to Snell.) ""Do you think we should... take her to the stockade or something?""",,,,,,,,	LP_Lisa_432,PC,LP,CHOICE,(Chuchoter à Snell.) « Tu penses qu'on devrait... l'emmener au pilori ou un truc du genre ? »,,,,,,,,
Dialogs	LP_Lisa_469,PC,LP,CHOICE,"""C'est l'heure. I'm taking you to the stockade, <b>hag</b>!"" (Start encounter.)",,,,,,,,	LP_Lisa_469,PC,LP,CHOICE,"« C'est l'heure. Je t'emmène au pilori, <b>mégère</b> ! » (Démarrer la rencontre.)",,,,,,,,
Dialogs	LP_Lisa_1147,PC,LP,CHOICE,"(Whisper to Snell.) ""Hags are the best.""",,,,,,,,	LP_Lisa_1147,PC,LP,CHOICE,(Chuchoter à Snell.) « Les mégères sont les meilleures. »,,,,,,,,
Dialogs	LP_Lisa_1191,PC,LP,CHOICE,"""I already have some, actually."" (Hand them over.)",,,,,,,,	LP_Lisa_1191,PC,LP,CHOICE,"« J'en ai déjà, en fait. » (Les lui remettre.)",,,,,,,,
Dialogs	LP_Lisa_1198,PC,LP,CHOICE,"""Yes I have."" (Hand them over.)",,,,,,,,	LP_Lisa_1198,PC,LP,CHOICE,"« Oui, j'en ai. » (Les lui remettre.)",,,,,,,,
Dialogs	OP_Efreeti_128,PC,OP,CHOICE,"""You want it, Snell?"" (Show him the bottle.)",,,,,,,,	OP_Efreeti_128,PC,OP,CHOICE,"« Tu la veux, Snell ? » (Lui montrer la bouteille.)",,,,,,,,
Dialogs	OP_EverGlad_272,PC,OP,CHOICE,"""See you later, master."" (Partir.)",,,,,,,,	OP_EverGlad_272,PC,OP,CHOICE,"« À plus tard, maître. » (Partir.)",,,,,,,,
Dialogs	OP_EverGlad_459,PC,OP,CHOICE,"(Reveal...) ""I am... responsible for my father's death.""",,,,,,,,	OP_EverGlad_459,PC,OP,CHOICE,(Révéler...) « Je suis... responsable de la mort de mon père. »,,,,,,,,
Dialogs	OP_EverGlad_471,PC,OP,CHOICE,"(Reveal your failed political aspirations.) ""I'm the one who wrote the anonymous Freestrider op-ed about corruption in the Towers. <i>The Yellow Ribbon</i>.""",,,,,,,,	OP_EverGlad_471,PC,OP,CHOICE,(Révéler tes aspirations politiques avortées.) « C'est moi qui ai écrit la tribune anonyme des Errants sur la corruption dans les Tours. <i>Le Ruban Jaune</i>. »,,,,,,,,
Dialogs	OP_EverGlad_477,PC,OP,CHOICE,"(Reveal a childhood trauma.) ""I once ate an entire bucket of apples to make the other kids think I was cool.""",,,,,,,,	OP_EverGlad_477,PC,OP,CHOICE,"(Révéler un traumatisme d'enfance.) « Un jour, j'ai mangé un seau entier de pommes pour que les autres gosses me trouvent cool. »",,,,,,,,
Dialogs	OP_EverGlad_486,PC,OP,CHOICE,"(Reveal how you found out your esoteric talent.) ""I was in a classroom once...""",,,,,,,,	OP_EverGlad_486,PC,OP,CHOICE,(Révéler comment tu as découvert ton talent ésotérique.) « J'étais dans une salle de classe un jour... »,,,,,,,,
Dialogs	OP_EverGlad_502,PC,OP,CHOICE,"(Reveal your failed Azgalist past.) ""I was arrested during the Apprentice Rebellion.""",,,,,,,,	OP_EverGlad_502,PC,OP,CHOICE,(Révéler ton passé Azgaliste avorté.) « J'ai été arrêté pendant la Rébellion des Apprentis. »,,,,,,,,
Dialogs	OP_EverGlad_512,PC,OP,CHOICE,"(Reveal a teenage trauma.) ""I used to hang with a bunch of older kids. One day, they all started avoiding me, so I once spent an entire night at a dance house hoping for them to turn up.""",,,,,,,,	OP_EverGlad_512,PC,OP,CHOICE,"(Révéler un traumatisme d'adolescence.) « Je traînais avec un groupe d'ados plus vieux. Un jour, ils ont tous commencé à m'éviter, alors j'ai passé une nuit entière dans une maison de danse en espérant qu'ils se pointent. »",,,,,,,,
Dialogs	OP_Isk_40,PC,OP,CHOICE,"(Talk into the door.) ""Hello-oo!""",,,,,,,,	OP_Isk_40,PC,OP,CHOICE,(Parler dans la porte.) « Hé-ho ! »,,,,,,,,
Dialogs	OP_Isk_192,PC,OP,CHOICE,"""Hold on, my Comprehend Languages spell seems to be acting up..."" (Fiddle with your notes.)",,,,,,,,	OP_Isk_192,PC,OP,CHOICE,"« Attendez, mon sort de Compréhension des Langues semble dérailler... » (Tripoter tes notes.)",,,,,,,,
Dialogs	OP_Isk_538,Isk,OP,LINE,"""I call it Merevesh. You may call it Staff of Toulin'catl, as remembrance of my fallen people. It will be returned to me once you are finished with all of this.""",,,,,,,,	OP_Isk_538,Isk,OP,LINE,"« Je l'appelle Merevesh. Tu peux l'appeler Bâton de Toulin'catl, en mémoire de mon peuple tombé. Il me sera rendu une fois que tu en auras fini avec tout ceci. »",,,,,,,,
Dialogs	OP_Isk_637,PC,OP,CHOICE,"(Imagine the snail talking to Visken.) ""Enfin... I could see it.""",,,,,,,,	OP_Isk_637,PC,OP,CHOICE,(Imaginer l'escargot parler à Visken.) « Enfin... je pourrais le voir. »,,,,,,,,
Dialogs	OP_Isk_829,PC,OP,CHOICE,"""Bien. Thank you, that should be every question I have about les Fils.""",,,,,,,,	OP_Isk_829,PC,OP,CHOICE,"« Bien. Merci, ce devrait être toutes les questions que j'ai sur les Fils. »",,,,,,,,
Dialogs	OP_Isk_896,PC,OP,CHOICE,"""A talking wall."" (Think about your amazing wall-speechcraft.)",,,,,,,,	OP_Isk_896,PC,OP,CHOICE,« Un mur qui parle. » (Penser à ton incroyable maîtrise de la parlance murale.),,,,,,,,
Dialogs	OP_Isk_906,PC,OP,CHOICE,"""The Living Library, in the City Below."" (Think about that strange place in the City Below.)",,,,,,,,	OP_Isk_906,PC,OP,CHOICE,"« La Bibliothèque Vivante, dans la Cité Inférieure. » (Penser à cet étrange lieu dans la Cité Inférieure.)",,,,,,,,
Dialogs	PC_AzgalDoor_152,PC,PC,CHOICE,"""I've got Snell with me."" (Point at the goblin.)",,,,,,,,	PC_AzgalDoor_152,PC,PC,CHOICE,« J'ai Snell avec moi. » (Pointer le gobelin.),,,,,,,,
Dialogs	PC_AzgalDoor_234,PC,PC,CHOICE,"""I've got Snell with me."" (Point at the goblin.)",,,,,,,,	PC_AzgalDoor_234,PC,PC,CHOICE,« J'ai Snell avec moi. » (Pointer le gobelin.),,,,,,,,
Dialogs	Q_Youth_138,PC,Q,CHOICE,Does that means I'm a... (<i>Gasp</i>\.) ...a woman?!,,,,,,,,	Q_Youth_138,PC,Q,CHOICE,Ça veut dire que je suis une... (<i>Hoquet</i>.) ...une femme ?!,,,,,,,,
Dialogs	RM_Rollo_138,PC,RM,CHOICE,"""You're the best help, Snell. Don't you worry."" (Lui lever le pouce.)",,,,,,,,	RM_Rollo_138,PC,RM,CHOICE,"« T'es la meilleure aide, Snell. T'inquiète. » (Lui lever le pouce.)",,,,,,,,
Dialogs	RM_Rollo_523,PC,RM,CHOICE,"""You're leaving. One way or another."" (Fight them.)",,,,,,,,	RM_Rollo_523,PC,RM,CHOICE,« Vous partez. D'une façon ou d'une autre. » (Les combattre.),,,,,,,,
Dialogs	RM_Rollo_690,PC,RM,CHOICE,"(Grab Rollo by the shoulders.) ""You gotta <i>pussy up</i>, man.""",,,,,,,,	RM_Rollo_690,PC,RM,CHOICE,"(Attraper Rollo par les épaules.) « Faut que tu <i>te bouges le cul</i>, mec. »",,,,,,,,
Dialogs	RM_Rollo_1085,PC,RM,CHOICE,"""The Urthguard is a good place for guys your age. You'll learn a lot."" (Point towards Urth-Nisse.) ""And you could be a cleric, instead of a future arsonist.""",,,,,,,,	RM_Rollo_1085,PC,RM,CHOICE,"« La Garde-d'Urth est un bon endroit pour les gars de ton âge. Tu apprendras beaucoup. » (Pointer vers Urth-Nisse.) « Et tu pourrais être clerc, au lieu d'un futur incendiaire. »",,,,,,,,
Dialogs	RM_Rollo_1228,PC,RM,CHOICE,"""Take the Urthguard recommendation I gave you, and go. Now."" (Make them leave.)",,,,,,,,	RM_Rollo_1228,PC,RM,CHOICE,"« Prends la recommandation pour la Garde-d'Urth que je t'ai donnée, et va-t'en. Maintenant. » (Les faire partir.)",,,,,,,,
Dialogs	RM_StressCube_78,PC,RM,CHOICE,"(Whisper to your scarf.) ""Always assume the worst. Expect the terrible. And <i>feel</i> the <i>heat</i>.""",,,,,,,,	RM_StressCube_78,PC,RM,CHOICE,(Chuchoter à ton écharpe.) « Suppose toujours le pire. Attends-toi à l'horrible. Et <i>sens</i> la <i>chaleur</i>. »,,,,,,,,
Dialogs	SH_Modissa_841,PC,SH,CHOICE,"(Lean in and whisper.) ""What about an elf?""",,,,,,,,	SH_Modissa_841,PC,SH,CHOICE,(Se pencher et chuchoter.) « Et un elfe ? »,,,,,,,,
Dialogs	Snell_Companion_210,PC,Snell,CHOICE,"""It's late. You can head off if you want to."" (Go solo.)",,,,,,,,	Snell_Companion_210,PC,Snell,CHOICE,« C'est tard. Tu peux y aller si tu veux. » (Partir en solo.),,,,,,,,
Dialogs	Snell_Companion_211,PC,Snell,CHOICE,"""It's getting late. Let's split up for the night."" (Go solo.)",,,,,,,,	Snell_Companion_211,PC,Snell,CHOICE,« Il se fait tard. Séparons-nous pour la nuit. » (Partir en solo.),,,,,,,,
Dialogs	Snell_Companion_212,PC,Snell,CHOICE,"""I have some stuff to take care of by myself."" (Go solo.)",,,,,,,,	Snell_Companion_212,PC,Snell,CHOICE,« J'ai des trucs à régler seul. » (Partir en solo.),,,,,,,,
Dialogs	Snell_Companion_213,PC,Snell,CHOICE,"""I think I can handle this alone actually."" (Go solo.)",,,,,,,,	Snell_Companion_213,PC,Snell,CHOICE,« Je crois que je peux gérer ça seul en fait. » (Partir en solo.),,,,,,,,
Dialogs	Snell_NPC_18,PC,Snell,CHOICE,"""You ready to head out?"" (Have Snell join the party.)",,,,,,,,	Snell_NPC_18,PC,Snell,CHOICE,« Prêt à y aller ? » (Faire rejoindre Snell.),,,,,,,,
Dialogs	SO_Snurre_45,PC,SO,CHOICE,"(Lean over to Snell.) ""Should I have an invoice?""",,,,,,,,	SO_Snurre_45,PC,SO,CHOICE,(Se pencher vers Snell.) « Je devrais avoir une facture ? »,,,,,,,,
Dialogs	SO_Snurre_1316,OBJ,SO,LINE,"A NECROTIC SPELL, NOT UNLIKE THAT OF LICHDOM WAS UNDERTAKEN.",,,,,,,,	SO_Snurre_1316,OBJ,SO,LINE,"UN SORT NÉCROTIQUE, NON SANS RAPPELER CELUI DE LA LICHANCE, FUT ENTREPRIS.",,,,,,,,
Dialogs	SP_Snell_33,PC,SP,CHOICE,"""That's good information. Merci.""",,,,,,,,	SP_Snell_33,PC,SP,CHOICE,« C'est une bonne information. Merci. »,,,,,,,,
Dialogs	SP_Snell_56,PC,SP,CHOICE,"""I live on North Wall. In a nice city-sponsored apartment."" (Avoid the full truth.)",,,,,,,,	SP_Snell_56,PC,SP,CHOICE,« J'habite sur Mur-Nord. Dans un bel appartement subventionné par la cité. » (Éviter la pleine vérité.),,,,,,,,
Dialogs	SP_Snell_225,PC,SP,CHOICE,"""This is much less... gobliny than I expected."" (Be less nice.)",,,,,,,,	SP_Snell_225,PC,SP,CHOICE,« C'est beaucoup moins... gobelin que ce à quoi je m'attendais. » (Être moins gentil.),,,,,,,,
Dialogs	ST_PebbleOfSending_20,PC,ST,CHOICE,"(Send a message to Snell and explain where you are.) ""Can you come meet up with me?""",,,,,,,,	ST_PebbleOfSending_20,PC,ST,CHOICE,(Envoyer un message à Snell et expliquer où tu es.) « Tu peux venir me rejoindre ? »,,,,,,,,
Dialogs	ST_PebbleOfSending_44,PC,ST,CHOICE,"(Send a message to Snell.) ""Hey. You up?""",,,,,,,,	ST_PebbleOfSending_44,PC,ST,CHOICE,(Envoyer un message à Snell.) « Hé. T'es debout ? »,,,,,,,,
Dialogs	ST_PebbleOfSending_50,PC,ST,CHOICE,"(Send a message to Snell.) ""Hey. You up?""",,,,,,,,	ST_PebbleOfSending_50,PC,ST,CHOICE,(Envoyer un message à Snell.) « Hé. T'es debout ? »,,,,,,,,
Dialogs	ST_PebbleOfSending_55,PC,ST,CHOICE,"(Send a message to Ettir.) ""Hey, Ettir. What're you doing?""",,,,,,,,	ST_PebbleOfSending_55,PC,ST,CHOICE,"(Envoyer un message à Ettir.) « Hé, Ettir. Qu'est-ce que vous faites ? »",,,,,,,,
Dialogs	ST_PebbleOfSending_61,PC,ST,CHOICE,"(Send a message to Lady Sageleaf.) ""Hi, Lady Sageleaf. I'm working on the tea shop. Just wanted to check in and let you know that everything's going good.""",,,,,,,,	ST_PebbleOfSending_61,PC,ST,CHOICE,"(Envoyer un message à Lady Sageleaf.) « Bonjour, Lady Sageleaf. Je travaille sur le salon de thé. Je voulais juste prendre des nouvelles et vous dire que tout va bien. »",,,,,,,,
Dialogs	ST_PebbleOfSending_69,PC,ST,CHOICE,"(Send a message to Ever-Glad.) ""Hello. Just checking in. How you doing?""",,,,,,,,	ST_PebbleOfSending_69,PC,ST,CHOICE,(Envoyer un message à Ever-Glad.) « Bonjour. Je prends des nouvelles. Comment vas-tu ? »,,,,,,,,
Dialogs	ST_PebbleOfSending_79,PC,ST,CHOICE,"(Send a message to Olzis.) ""Hey Olzis. Got any cool riddles that fit into 30 words or less?""",,,,,,,,	ST_PebbleOfSending_79,PC,ST,CHOICE,(Envoyer un message à Olzis.) « Hé Olzis. T'aurais des énigmes cool qui tiennent en 30 mots ou moins ? »,,,,,,,,
Dialogs	ST_PebbleOfSending_118,PC,ST,CHOICE,"(Send a message to Visken.) ""It's the Cleric. I'm just calling to let you know I've got a Pebble of Sending. Cool, huh?""",,,,,,,,	ST_PebbleOfSending_118,PC,ST,CHOICE,"(Envoyer un message à Visken.) « C'est Le Clerc. Je vous appelle juste pour vous dire que j'ai un Caillou de Message. Cool, hein ? »",,,,,,,,
Dialogs	ST_PebbleOfSending_124,PC,ST,CHOICE,"(Send a message to Oyugüi.) ""Hello, miss merchant. I can send pebble messages now. Isn't that cool? Anyway, do you have any new wares?""",,,,,,,,	ST_PebbleOfSending_124,PC,ST,CHOICE,"(Envoyer un message à Oyugüi.) « Bonjour, marchande. Je peux envoyer des messages cailloux maintenant. Cool, non ? Bref, vous avez de nouvelles marchandises ? »",,,,,,,,
Dialogs	TE_BrokenTeaCups_21,PC,TE,CHOICE,"I'll stop looking at the cups, Je crois.",,,,,,,,	TE_BrokenTeaCups_21,PC,TE,CHOICE,"J'arrête de regarder les tasses, je crois.",,,,,,,,
Dialogs	TE_HiddenTeaShopSafe_66,PC,TE,CHOICE,Leave the safe. Pour l'instant.,,,,,,,,	TE_HiddenTeaShopSafe_66,PC,TE,CHOICE,Laisser le coffre. Pour l'instant.,,,,,,,,
Dialogs	TE_Rubble_87,YOU,TE,LINE,He nods and <>,,,,,,,,	TE_Rubble_87,YOU,TE,LINE,Il acquiesce et <>,,,,,,,,
Dialogs	TE_Rubble_89,YOU,TE,LINE,He ignores your comment and <>,,,,,,,,	TE_Rubble_89,YOU,TE,LINE,Il ignore ton commentaire et <>,,,,,,,,
Dialogs	TE_Rubble_90,Snell,TE,LINE,"looks around at the destruction. ""The mass produced shit they used in the Coast War... it wouldn't get close to this level of force.""",,,,,,,,	TE_Rubble_90,Snell,TE,LINE,regarde autour la destruction. « La merde produite en masse qu'ils utilisaient dans la Guerre de la Côte... ça n'approcherait pas ce niveau de force. »,,,,,,,,
Dialogs	TE_ScorchedZines_76,PC,TE,CHOICE,"""...Is it any good?"" (Glance at the magazine.)",,,,,,,,	TE_ScorchedZines_76,PC,TE,CHOICE,« ...C'est bien ? » (Jeter un œil au magazine. ),,,,,,,,
Dialogs	TS_Alfoz_199,PC,TS,CHOICE,"""I spoke with Agent Viira..."" (Make a decision.)",,,,,,,,	TS_Alfoz_199,PC,TS,CHOICE,« J'ai parlé avec l'Agent Viira... » (Prendre une décision.),,,,,,,,
Dialogs	TS_Alfoz_200,PC,TS,CHOICE,"""I checked out the papers."" (Return the PPG.)",,,,,,,,	TS_Alfoz_200,PC,TS,CHOICE,« J'ai vérifié les papiers. » (Rendre le PPG.),,,,,,,,
Dialogs	TS_Arn_Kiosk_103,PC,TS,CHOICE,"""Okay. Sure, thanks, citizen."" What a weird kid.",,,,,,,,	TS_Arn_Kiosk_103,PC,TS,CHOICE,"« D'accord. Bien sûr, merci, citoyen. » Quel gamin bizarre.",,,,,,,,
Dialogs	TS_Arn_Kiosk_128,PC,TS,CHOICE,"(Smile as you put the three coins in your pouch.) ""Pay a man enough and he'll walk barefoot into hell.""",,,,,,,,	TS_Arn_Kiosk_128,PC,TS,CHOICE,(Sourire en mettant les trois pièces dans ta bourse.) « Payez assez un homme et il marchera pieds nus en enfer. »,,,,,,,,
Dialogs	TS_Arn_Kiosk_481,PC,TS,CHOICE,"(Clear your throat and hand him nine additional crowns.) ""A tip.""",,,,,,,,	TS_Arn_Kiosk_481,PC,TS,CHOICE,(S'éclaircir la gorge et lui tendre neuf écus supplémentaires.) « Un pourboire. »,,,,,,,,
Dialogs	TS_Bike_46,PC,TS,CHOICE,"""Hey, Meek."" (Talk to your scarf.)",,,,,,,,	TS_Bike_46,PC,TS,CHOICE,"« Hé, Meek. » (Parler à ton écharpe.)",,,,,,,,
Dialogs	TS_Bike_135,PC,TS,CHOICE,C'est tout. That's all I remember.,,,,,,,,	TS_Bike_135,PC,TS,CHOICE,C'est tout. C'est tout ce dont je me souviens.,,,,,,,,
Dialogs	TS_Ettir_43,PC,TS,CHOICE,"(Whisper back to Meek.) ""<i>What?</i>""",,,,,,,,	TS_Ettir_43,PC,TS,CHOICE,(Chuchoter en retour à Meek.) « <i>Quoi ?</i> »,,,,,,,,
Dialogs	TS_Ettir_179,PC,TS,CHOICE,"(Take a step forward.) ""Don't disrespect me, angel.""",,,,,,,,	TS_Ettir_179,PC,TS,CHOICE,"(Faire un pas en avant.) « Ne me manquez pas de respect, ange. »",,,,,,,,
Dialogs	TS_FlowerYard_75,PC,TS,CHOICE,"""So what was your errand, Snell?"" (Wipe the dirt off your uniform.)",,,,,,,,	TS_FlowerYard_75,PC,TS,CHOICE,"« Alors c'était quoi ta course, Snell ? » (Essuyer la saleté de ton uniforme.)",,,,,,,,
Dialogs	TS_GardenMonument_33,PC,TS,CHOICE,"""Tell me your secrets, damn it!"" (Punch the monument.)",,,,,,,,	TS_GardenMonument_33,PC,TS,CHOICE,"« Dis-moi tes secrets, sapristi ! » (Frapper le monument.)",,,,,,,,
Dialogs	TS_GoboGrafitti_10,PC,TS,CHOICE,"""Is that you, Snell?"" (Point at the artwork.)",,,,,,,,	TS_GoboGrafitti_10,PC,TS,CHOICE,"« C'est toi, Snell ? » (Pointer l'œuvre.)",,,,,,,,
Dialogs	TS_GoboGrafitti_43,PC,TS,CHOICE,"(Hiss at Meek.) ""Don't be rude to the wall.""",,,,,,,,	TS_GoboGrafitti_43,PC,TS,CHOICE,(Siffler à Meek.) « Sois pas impoli envers le mur. »,,,,,,,,
Dialogs	TS_Kull_88,PC,TS,CHOICE,"(Turn to your companion.) ""Do you know?""",,,,,,,,	TS_Kull_88,PC,TS,CHOICE,(Se tourner vers ton compagnon.) « Tu sais ? »,,,,,,,,
Dialogs	TS_Kull_595,PC,TS,CHOICE,"""Merci. I invented boots, you know.""",,,,,,,,	TS_Kull_595,PC,TS,CHOICE,"« Merci. J'ai inventé les bottes, vous savez. »",,,,,,,,
Dialogs	TS_Pocket_50,PC,TS,CHOICE,"(Ask your scarf.) ""Why did your old master play with esoteric pockets?""",,,,,,,,	TS_Pocket_50,PC,TS,CHOICE,(Demander à ton écharpe.) « Pourquoi ton ancien maître jouait avec des poches ésotériques ? »,,,,,,,,
Dialogs	TS_Pocket_60,PC,TS,CHOICE,"""You can head home. I'll deal with this myself."" (Go solo.)",,,,,,,,	TS_Pocket_60,PC,TS,CHOICE,« Tu peux rentrer. Je gère ça seul. » (Partir en solo.),,,,,,,,
Dialogs	TS_Pocket_86,PC,TS,CHOICE,Pas la peine. (Leave the forming pocket alone. It'll probably disappear when you're not looking.),,,,,,,,	TS_Pocket_86,PC,TS,CHOICE,Pas la peine. (Laisser la poche en formation tranquille. Elle disparaîtra sans doute quand tu ne regardes pas.),,,,,,,,
Dialogs	TS_Pocket_176,PC,TS,CHOICE,"""During my Urthguard training, I spent six months in the Great Steam Pit militia..."" (Tell the Gremlin Story.)",,,,,,,,	TS_Pocket_176,PC,TS,CHOICE,"« Pendant ma formation à la Garde-d'Urth, j'ai passé six mois dans la milice du Grand Puits de Vapeur... » (Raconter l'Histoire du Gremlin.)",,,,,,,,
Dialogs	TS_Pocket_177,PC,TS,CHOICE,"""Speaking of gremlins..."" (Tell the Gremlin Story.)",,,,,,,,	TS_Pocket_177,PC,TS,CHOICE,« En parlant de gremlins... » (Raconter l'Histoire du Gremlin.),,,,,,,,
Dialogs	TS_Pocket_510,PC,TS,CHOICE,what...?,,,,,,,,	TS_Pocket_510,PC,TS,CHOICE,quoi... ?,,,,,,,,
Dialogs	TS_Potion_48,PC,TS,CHOICE,"(Turn to Snell.) ""<i>You</i> a copper?""",,,,,,,,	TS_Potion_48,PC,TS,CHOICE,(Se tourner vers Snell.) « <i>Toi</i> un flic ? »,,,,,,,,
Dialogs	TS_Potion_187,PC,TS,CHOICE,"""That's all for now, potion seller. Merci.""",,,,,,,,	TS_Potion_187,PC,TS,CHOICE,"« C'est tout pour l'instant, marchand de potions. Merci. »",,,,,,,,
Dialogs	TS_Rollermill_115,PC,TS,CHOICE,"""I'm... not sure."" (Examiner le bâton.)",,,,,,,,	TS_Rollermill_115,PC,TS,CHOICE,« Je... ne suis pas sûr. » (Examiner le bâton.),,,,,,,,
Dialogs	TS_Seagull_132,PC,TS,CHOICE,"Lie down and curl up into a little ball and shout, ""I do not consent!""",,,,,,,,	TS_Seagull_132,PC,TS,CHOICE,S'allonger et se recroqueviller en petite boule et crier : « Je ne consens pas ! »,,,,,,,,
Dialogs	TS_Spear_1,str,TS,LINE,This spear. It would be a great weapon.,,,,,,,,	TS_Spear_1,str,TS,LINE,Cette lance. Ce serait une arme formidable.,,,,,,,,
Dialogs	TS_Spear_2,str,TS,LINE,Do you think you deserve it?,,,,,,,,	TS_Spear_2,str,TS,LINE,Penses-tu la mériter ?,,,,,,,,
Dialogs	TS_Spear_4,dex,TS,LINE,You really think you could hit something with it?,,,,,,,,	TS_Spear_4,dex,TS,LINE,Tu crois vraiment que tu pourrais toucher quelque chose avec ?,,,,,,,,
Dialogs	TS_Spear_7,dex,TS,LINE,"It's a damn spear! You've been looking for ages, and been completely unable to find even a SINGLE useful weapon.",,,,,,,,	TS_Spear_7,dex,TS,LINE,"C'est une foutue lance ! Tu cherches depuis des lustres, et tu n'as même pas été fichu de trouver UNE SEULE arme utile.",,,,,,,,
Dialogs	TS_Spear_8,dex,TS,LINE,Now you have one! Right here! Just TAKE it!,,,,,,,,	TS_Spear_8,dex,TS,LINE,Maintenant t'en as une ! Juste là ! PRENDS-la !,,,,,,,,
Dialogs	TS_Spear_10,Meek,TS,LINE,"""Master could poke self full of holes. No good.""",,,,,,,,	TS_Spear_10,Meek,TS,LINE,« Maître pourrait se cribler de trous. Pas bon. »,,,,,,,,
Dialogs	TS_Spear_11,PC,TS,CHOICE,"""I'm going to poke myself. I'm an adult. Actually, Meek, I'm a highly trained Cleric. I'm not going to <i>poke</i> myself.""",,,,,,,,	TS_Spear_11,PC,TS,CHOICE,"« Je vais me piquer. Je suis adulte. En fait, Meek, je suis un Clerc hautement entraîné. Je ne vais pas me <i>piquer</i>. »",,,,,,,,
Dialogs	TS_Spear_13,PC,TS,CHOICE,...Should I take it?,,,,,,,,	TS_Spear_13,PC,TS,CHOICE,...Devrais-je la prendre ?,,,,,,,,
Dialogs	TS_Spear_15,str,TS,LINE,But you would not be able to use it.,,,,,,,,	TS_Spear_15,str,TS,LINE,Mais tu ne pourrais pas l'utiliser.,,,,,,,,
Dialogs	TS_Spear_16,str,TS,LINE,This is a far too massive of a lance for you.,,,,,,,,	TS_Spear_16,str,TS,LINE,C'est une lance bien trop massive pour toi.,,,,,,,,
Dialogs	TS_Spear_18,str,TS,LINE,This is the weapon of the local landlord. A skewer of the sea itself.,,,,,,,,	TS_Spear_18,str,TS,LINE,C'est l'arme du propriétaire local. Une brochette de la mer elle-même.,,,,,,,,
Dialogs	TS_Spear_19,str,TS,LINE,You cannot dishonor it. You cannot wield it.,,,,,,,,	TS_Spear_19,str,TS,LINE,Tu ne peux pas la déshonorer. Tu ne peux pas la manier.,,,,,,,,
Dialogs	TS_Spear_20,PC,TS,CHOICE,No. Let's just walk away.,,,,,,,,	TS_Spear_20,PC,TS,CHOICE,Non. Partons.,,,,,,,,
Dialogs	TS_Spear_22,dex,TS,LINE,"You are, at times, probably most of the time, the most stubborn iron-fuck human on the Coast.",,,,,,,,	TS_Spear_22,dex,TS,LINE,"Tu es, parfois, probablement la plupart du temps, l'humain le plus têtu-fer de toute la Côte.",,,,,,,,
Dialogs	TS_Spear_23,dex,TS,LINE,Fine. Repars. Don't take the awesome weapon that will absolutely help on your adventure. That sounds FUN. That sounds like you're giving yourself a great sense of AGENCY.,,,,,,,,	TS_Spear_23,dex,TS,LINE,D'accord. Repars. Ne prends pas l'arme géniale qui t'aidera absolument dans ton aventure. Ça a l'air FUN. Ça a l'air comme si tu te donnais un grand sens d'AGENCE.,,,,,,,,
Dialogs	TS_Spear_25,dex,TS,LINE,"Fine. It's not like you won't find another, much better weapon in some other spot.",,,,,,,,	TS_Spear_25,dex,TS,LINE,"D'accord. C'est pas comme si tu n'allais pas trouver une autre arme, bien meilleure, ailleurs.",,,,,,,,
Dialogs	TS_TeaShopDoor_116,PC,TS,CHOICE,"Turn to Snell. ""The Tea Shop that Blew Up, eh?""",,,,,,,,	TS_TeaShopDoor_116,PC,TS,CHOICE,"Se tourner vers Snell. « Le Salon de Thé qui a Sauté, hein ? »",,,,,,,,
Dialogs	TS_TeaShopDoor_122,PC,TS,CHOICE,I should leave. Pour l'instant.,,,,,,,,	TS_TeaShopDoor_122,PC,TS,CHOICE,Je devrais partir. Pour l'instant.,,,,,,,,
Dialogs	TS_TeaShopDoor_236,PC,TS,CHOICE,"""Easy."" (Shake off the wood grain from your gloves.)",,,,,,,,	TS_TeaShopDoor_236,PC,TS,CHOICE,« Facile. » (Faire tomber les copeaux de bois de tes gants.),,,,,,,,
Dialogs	TS_Thal_373,PC,TS,CHOICE,"""The right-hand man is reserved for someone special."" (Wink at Snell.)",,,,,,,,	TS_Thal_373,PC,TS,CHOICE,« Le bras droit est réservé à quelqu'un de spécial. » (Faire un clin d'œil à Snell.),,,,,,,,
Dialogs	TS_Thal_396,PC,TS,CHOICE,"(Elbow Snell.) ""See? There's always something.""",,,,,,,,	TS_Thal_396,PC,TS,CHOICE,(Donner un coup de coude à Snell.) « Tu vois ? Il y a toujours quelque chose. »,,,,,,,,
Dialogs	TS_Viira_209,PC,TS,CHOICE,"""Here you go."" (Hand her the PPG.)",,,,,,,,	TS_Viira_209,PC,TS,CHOICE,« Tenez. » (Lui remettre le PPG.),,,,,,,,
Dialogs	TS_Viira_274,PC,TS,CHOICE,"""I spoke with Alfoz..."" (Make a decision.)",,,,,,,,	TS_Viira_274,PC,TS,CHOICE,« J'ai parlé avec Alfoz... » (Prendre une décision.),,,,,,,,
Dialogs	TS_Viira_580,PC,TS,CHOICE,"""You are a strong and physically imposing woman."" (Attempt to flirt.)",,,,,,,,	TS_Viira_580,PC,TS,CHOICE,« Vous êtes une femme forte et physiquement imposante. » (Tenter de flirter.),,,,,,,,
Dialogs	TS_Xerba_24,PC,TS,CHOICE,"(Dance for her.) ""I am a Bard! I am a Bard! I am a Bard! I am a Bard! I am a Bard! I am a Bard! I am a Bard!""",,,,,,,,	TS_Xerba_24,PC,TS,CHOICE,(Danser pour elle.) « Je suis un Barde ! Je suis un Barde ! Je suis un Barde ! Je suis un Barde ! Je suis un Barde ! Je suis un Barde ! Je suis un Barde ! »,,,,,,,,
Dialogs	TU_HiddenHatch_18,PC,TU,CHOICE,"""<i>Fuck you</i>?"" (Turn to Snell.)",,,,,,,,	TU_HiddenHatch_18,PC,TU,CHOICE,« <i>Va te faire foutre</i> ? » (Se tourner vers Snell.),,,,,,,,
Dialogs	TU_Statue_25,PC,TU,CHOICE,"(Glance at Snell and mutter.) ""I'm average.""",,,,,,,,	TU_Statue_25,PC,TU,CHOICE,(Jeter un œil à Snell et marmonner.) « Je suis moyen. »,,,,,,,,
Dialogs	UP_Brr_196,PC,UP,CHOICE,"""Ah oui. You're scared of mushrooms.""",,,,,,,,	UP_Brr_196,PC,UP,CHOICE,« Ah oui. T'as peur des champignons. »,,,,,,,,
Dialogs	UP_Brr_224,PC,UP,CHOICE,"(Turn to Ettir.) ""Do you speak mushroom?""",,,,,,,,	UP_Brr_224,PC,UP,CHOICE,(Se tourner vers Ettir.) « Vous parlez champignon ? »,,,,,,,,
Dialogs	UP_Brr_308,PC,UP,CHOICE,"""I don't want to spend any more spell slots to talk to you, but, uh..."" (Lui lever le pouce.)",,,,,,,,	UP_Brr_308,PC,UP,CHOICE,"« Je veux plus dépenser d'emplacements de sort pour te parler, mais, euh... » (Lui lever le pouce.)",,,,,,,,
Dialogs	UP_Brr_351,PC,UP,CHOICE,"""Your spores saved me in the fight against the troll. Merci.""",,,,,,,,	UP_Brr_351,PC,UP,CHOICE,« Vos spores m'ont sauvé dans le combat contre le troll. Merci. »,,,,,,,,
Dialogs	UP_Brr_382,PC,UP,CHOICE,"""That's bad."" (Get nervous.)",,,,,,,,	UP_Brr_382,PC,UP,CHOICE,« C'est mauvais. » (Devenir nerveux.),,,,,,,,
Dialogs	UP_Brr_383,PC,UP,CHOICE,"""Ah oui. I saw it before. It was just sleeping.""",,,,,,,,	UP_Brr_383,PC,UP,CHOICE,« Ah oui. Je l'ai vu avant. Il dormait juste. »,,,,,,,,
Dialogs	UP_Brr_455,PC,UP,CHOICE,"(Glance at Snell and whisper.) ""That's not a sexual thing, is it?""",,,,,,,,	UP_Brr_455,PC,UP,CHOICE,"(Jeter un œil à Snell et chuchoter.) « C'est pas un truc sexuel, hein ? »",,,,,,,,
Dialogs	UP_Brr_489,PC,UP,CHOICE,"(Gesture towards Snell.) ""I see. Just like my goblin sidekick!""",,,,,,,,	UP_Brr_489,PC,UP,CHOICE,(Faire un geste vers Snell.) « Je vois. Comme mon acolyte gobelin ! »,,,,,,,,
Dialogs	UP_Gourgalash_32,PC,UP,CHOICE,"(Whisper.) ""What... what do we do?""",,,,,,,,	UP_Gourgalash_32,PC,UP,CHOICE,(Chuchoter.) « Qu'est-ce... qu'est-ce qu'on fait ? »,,,,,,,,
Dialogs	UP_Gourgalash_38,PC,UP,CHOICE,"(Whisper.) ""Can you deal with this thing, Ettir?""",,,,,,,,	UP_Gourgalash_38,PC,UP,CHOICE,"(Chuchoter.) « Vous pouvez gérer ce truc, Ettir ? »",,,,,,,,
Dialogs	UP_Gourgalash_62,PC,UP,CHOICE,"(Yell at the troll.) ""<shake>Wake up, foul beast!</shake>""",,,,,,,,	UP_Gourgalash_62,PC,UP,CHOICE,"(Crier au troll.) « <shake>Réveille-toi, infâme bête !</shake> »",,,,,,,,
Dialogs	UP_Gourgalash_68,PC,UP,CHOICE,"(Clear your throat and speak politely.) ""<b>Good morning, troll!</b>""",,,,,,,,	UP_Gourgalash_68,PC,UP,CHOICE,"(S'éclaircir la gorge et parler poliment.) « <b>Bonjour, troll !</b> »",,,,,,,,
Dialogs	UP_Gourgalash_124,PC,UP,CHOICE,"(Yell at the troll.) ""<shake>Wake up, you foul beast!</shake>""",,,,,,,,	UP_Gourgalash_124,PC,UP,CHOICE,"(Crier au troll.) « <shake>Réveille-toi, infâme bête !</shake> »",,,,,,,,
Dialogs	UP_Gourgalash_125,PC,UP,CHOICE,"(Clear your throat and say sternly.) ""<b>Good morning, troll!</b>""",,,,,,,,	UP_Gourgalash_125,PC,UP,CHOICE,"(S'éclaircir la gorge et parler sévèrement.) « <b>Bonjour, troll !</b> »",,,,,,,,
Dialogs	UP_Gourgalash_225,PC,UP,CHOICE,"(Yell.) ""I AM URTH, RETURNED. TIME TO FINISH THE JOB!""",,,,,,,,	UP_Gourgalash_225,PC,UP,CHOICE,"(Crier.) « JE SUIS URTH, DE RETOUR. IL EST TEMPS DE FINIR LE BOULOT ! »",,,,,,,,
Dialogs	UP_Gourgalash_538,PC,UP,CHOICE,"""<b>Oui</b>. And, now, I lift my axe.""",,,,,,,,	UP_Gourgalash_538,PC,UP,CHOICE,"« <b>Oui</b>. Et, maintenant, je lève ma hache. »",,,,,,,,
Dialogs	UP_Gourgalash_670,PC,UP,CHOICE,"""A troll king."" (Grab the tusk.)",,,,,,,,	UP_Gourgalash_670,PC,UP,CHOICE,« Un roi des trolls. » (Saisir la défense.),,,,,,,,
Dialogs	UP_Labyrinth_393,PC,UP,CHOICE,"""The middle one!"" (Point it out to Snell.)",,,,,,,,	UP_Labyrinth_393,PC,UP,CHOICE,« Celui du milieu ! » (Le montrer à Snell.),,,,,,,,
Dialogs	UP_Meri_106,PC,UP,CHOICE,"""I'm a great Barbarian of Askanii. Be very afraid."" (Flex.)",,,,,,,,	UP_Meri_106,PC,UP,CHOICE,« Je suis un grand Barbare d'Askanii. Aie très peur. » (Bomber le torse.),,,,,,,,
Dialogs	UP_Meri_577,PC,UP,CHOICE,"""Yes, Snell. We <i>must</i> follow him through the crack."" (Glare at the Pillar.)",,,,,,,,	UP_Meri_577,PC,UP,CHOICE,"« Oui, Snell. On <i>doit</i> le suivre à travers la fissure. » (Fixer le Pilier d'un regard noir.)",,,,,,,,
Dialogs	UP_Meri_578,PC,UP,CHOICE,"""I have to go after him. Through the crack."" (Glare at the Pillar.)",,,,,,,,	UP_Meri_578,PC,UP,CHOICE,« Je dois le poursuivre. À travers la fissure. » (Fixer le Pilier d'un regard noir.),,,,,,,,
Dialogs	UP_Meri_700,PC,UP,CHOICE,"(Turn back to Meriadoc.) ""We have decided to go into the Pillar of Jor.""",,,,,,,,	UP_Meri_700,PC,UP,CHOICE,(Se retourner vers Meriadoc.) « On a décidé d'entrer dans le Pilier de Jor. »,,,,,,,,
Dialogs	UP_Meri_1076,PC,UP,CHOICE,"""C'est vrai. We should make sure Ettir gets some questions as well.""",,,,,,,,	UP_Meri_1076,PC,UP,CHOICE,« C'est vrai. On devrait s'assurer qu'Ettir reçoive aussi quelques questions. »,,,,,,,,
Dialogs	UP_Nessan_51,PC,UP,CHOICE,"""Bonne question. I got some good info from that Freestrider fellow that Gourgalash had imprisoned.""",,,,,,,,	UP_Nessan_51,PC,UP,CHOICE,« Bonne question. J'ai eu de bonnes infos de cet Errant que Gourgalash avait emprisonné. »,,,,,,,,
Dialogs	UP_Nessan_186,PC,UP,CHOICE,"(Gesture towards Snell.) ""You're still...""",,,,,,,,	UP_Nessan_186,PC,UP,CHOICE,(Faire un geste vers Snell.) « Tu es toujours... »,,,,,,,,
Dialogs	WL_Avikness_25,PC,WL,CHOICE,"""Cool. Can you let me into that door over there?"" (Point down the stairs.)",,,,,,,,	WL_Avikness_25,PC,WL,CHOICE,« Cool. Tu peux me laisser entrer par cette porte là-bas ? » (Pointer en bas des escaliers.),,,,,,,,
Dialogs	WL_Avikness_76,PC,WL,CHOICE,"(Hold it out) ""Here. Draw a card.""",,,,,,,,	WL_Avikness_76,PC,WL,CHOICE,(Le tendre) « Tenez. Tirez une carte. »,,,,,,,,
Dialogs	WL_Bookbinder_221,cha,WL,LINE,Just say-,,,,,,,,	WL_Bookbinder_221,cha,WL,LINE,Dis juste —,,,,,,,,
Dialogs	VL_Meeting_17,PC,VL,CHOICE,"""No. It's mine."" (Clutch it to your chest like a baby.)",,,,,,,,	VL_Meeting_17,PC,VL,CHOICE,« Non. C'est à moi. » (Le serrer contre ta poitrine comme un bébé.),,,,,,,,
Dialogs	VL_Meeting_174,PC,VL,CHOICE,"""And... what about him?"" (Point to The Duck.)",,,,,,,,	VL_Meeting_174,PC,VL,CHOICE,« Et... lui alors ? » (Pointer Le Canard.),,,,,,,,
Dialogs	VL_Meeting_288,PC,VL,CHOICE,"<u>""I'll swear an oath to you. I will serve.""</u>",,,,,,,,	VL_Meeting_288,PC,VL,CHOICE,<u>« Je vous prêterai serment. Je servirai. »</u>,,,,,,,,
Dialogs	VL_Meeting_289,PC,VL,CHOICE,"""You will not be permitted in my city."" (Attack.)",,,,,,,,	VL_Meeting_289,PC,VL,CHOICE,« Vous ne serez pas autorisé dans ma cité. » (Attaquer.),,,,,,,,
Dialogs	VL_Meeting_535,PC,VL,CHOICE,Trempe-toi. Take the hits.,,,,,,,,	VL_Meeting_535,PC,VL,CHOICE,Trempe-toi. Encaisser les coups.,,,,,,,,
Dialogs	VL_Meeting_628,PC,VL,CHOICE,"Trick the ""helpers"" first.",,,,,,,,	VL_Meeting_628,PC,VL,CHOICE,Tromper d'abord les « aides ».,,,,,,,,
Dialogs	VL_Meeting_727,PC,VL,CHOICE,"(Look to the dark knight.) ""<i>This</i> is what actual manhood looks like.""",,,,,,,,	VL_Meeting_727,PC,VL,CHOICE,(Regarder le chevalier noir.) « <i>Voilà</i> à quoi ressemble la vraie virilité. »,,,,,,,,
Dialogs	VL_Meeting_729,PC,VL,CHOICE,"(Turn to Kraaid.) ""Oh, and your slogdogs are fucking disgusting.""",,,,,,,,	VL_Meeting_729,PC,VL,CHOICE,"(Se tourner vers Kraaid.) « Oh, et tes chiens-de-vase sont putain de dégoûtants. »",,,,,,,,
Dialogs	VL_Meeting_778,con,VL,LINE,Those words... those are last words you hear.,,,,,,,,	VL_Meeting_778,con,VL,LINE,Ces mots... ce sont les derniers mots que tu entends.,,,,,,,,
Dialogs	VL_Ost_63,PC,VL,CHOICE,"""You know who this is?"" (Point at Snell.)",,,,,,,,	VL_Ost_63,PC,VL,CHOICE,« Tu sais qui c'est ? » (Pointer Snell.),,,,,,,,
Dialogs	VL_Pinja_247,PC,VL,CHOICE,Parfait. What did I learn?,,,,,,,,	VL_Pinja_247,PC,VL,CHOICE,Parfait. Qu'ai-je appris ?,,,,,,,,
Dialogs	WL_Rollo_Modissa_29,PC,WL,CHOICE,"Ask Snell, ""The AY?""",,,,,,,,	WL_Rollo_Modissa_29,PC,WL,CHOICE,Demander à Snell : « Le AY ? »,,,,,,,,
Dialogs	WL_Rollo_Modissa_69,PC,WL,CHOICE,"""I'm a Bard, duh."" (Show them some dance moves.)",,,,,,,,	WL_Rollo_Modissa_69,PC,WL,CHOICE,"« Je suis un Barde, évidemment. » (Leur montrer quelques pas de danse.)",,,,,,,,
Dialogs	WL_Rollo_Modissa_506,PC,WL,CHOICE,"""So you're both doing something illegal. Then... let's compromise, right?"" (Rompre le sort.)",,,,,,,,	WL_Rollo_Modissa_506,PC,WL,CHOICE,"« Donc vous faites tous les deux un truc illégal. Alors... compromis, non ? » (Rompre le sort.)",,,,,,,,
Dialogs	WL_TrashBin_21,PC,WL,CHOICE,"""Hold on, I'm just gonna-"" (Try to cast Comprehend Languages.)",,,,,,,,	WL_TrashBin_21,PC,WL,CHOICE,"« Attendez, je vais juste — » (Tenter de lancer Compréhension des Langues.)",,,,,,,,
Dialogs	WL_TrashBin_22,PC,WL,CHOICE,"""Hold on, I'm just gonna-"" (Essayer de lancer Druidisme.)",,,,,,,,	WL_TrashBin_22,PC,WL,CHOICE,"« Attendez, je vais juste — » (Essayer de lancer Druidisme.)",,,,,,,,
Dialogs	VL_Visken_126,PC,VL,CHOICE,"""I have some other questions. Je crois.""",,,,,,,,	VL_Visken_126,PC,VL,CHOICE,« J'ai d'autres questions. Je crois. »,,,,,,,,
Dialogs	VL_Visken_133,PC,VL,CHOICE,I can't just tell him I'm suspicious of him and his helpers. Que devrais-je faire ?,,,,,,,,	VL_Visken_133,PC,VL,CHOICE,"Je peux pas juste lui dire que je le soupçonne, lui et ses aides. Que devrais-je faire ?",,,,,,,,
Dialogs	VL_Visken_162,PC,VL,CHOICE,"(Turn around and whisper to Snell.) ""What can you tell me about this guy?""",,,,,,,,	VL_Visken_162,PC,VL,CHOICE,(Se retourner et chuchoter à Snell.) « Qu'est-ce que tu peux me dire sur ce gars ? »,,,,,,,,
Dialogs	VL_Visken_199,PC,VL,CHOICE,"""I found this Mimic in the City Below."" (Show him your scarf.)",,,,,,,,	VL_Visken_199,PC,VL,CHOICE,« J'ai trouvé ce Mimique dans la Cité Inférieure. » (Lui montrer ton écharpe.),,,,,,,,
Dialogs	VL_Visken_450,PC,VL,CHOICE,"""Yes! Here you go."" (Le lui tendre.)",,,,,,,,	VL_Visken_450,PC,VL,CHOICE,« Oui ! Tenez. » (Le lui tendre.),,,,,,,,
Dialogs	VL_Visken_724,PC,VL,CHOICE,"""I have what I need."" (Give back the paper.)",,,,,,,,	VL_Visken_724,PC,VL,CHOICE,« J'ai ce qu'il me faut. » (Rendre le papier.),,,,,,,,
Dialogs	VL_Visken_796,PC,VL,CHOICE,"""You called me 'Cleric'."" (Make air quotes.)",,,,,,,,	VL_Visken_796,PC,VL,CHOICE,« Vous m'avez appelé 'Clerc'. » (Faire des guillemets aériens.),,,,,,,,
Dialogs	VL_Visken_1470,PC,VL,CHOICE,"(Glance at your companion. Whisper: ""Not with him around."")",,,,,,,,	VL_Visken_1470,PC,VL,CHOICE,(Jeter un œil à ton compagnon. Chuchoter : « Pas avec lui dans le coin. »),,,,,,,,
